TIME (SECONDS),PRESSURE (BARS),M5.8 CROSS SECTION (METER^-1 STERADIAN^-1),M16 CROSS SECTION (METER^-1 STERADIAN^-1),M40 CROSS SECTION (METER^-1 STERADIAN^-1),M70 CROSS SECTION (METER^-1 STERADIAN^-1),M178 CROSS SECTION (METER^-1 STERADIAN^-1)
-2.6,0.3981,0.000767,0.0005797,0.0002635,0.0004248,-0.0001451
0.4,0.4058,0.0004192,0.000271,0.0001294,0.0002024,-0.0002044
3.4,0.4136,8.177e-05,1.7e-05,3.348e-05,4.701e-05,0.0001565
6.4,0.4214,6.131e-05,4.53e-06,2.89e-05,4.046e-05,0.0001633
9.4,0.4292,9.192e-05,2.603e-05,1.976e-05,2.738e-05,6.962e-05
12.4,0.437,0.0001021,2.148e-05,-7.597e-06,-7.764e-06,5.82e-06
15.4,0.4449,5.102e-05,7.906e-06,-7.971e-06,-8.171e-06,4.38e-06
18.4,0.4527,3.06e-05,3.385e-06,-7.965e-06,-8.578e-06,3.969e-06
21.4,0.4606,4.078e-05,5.635e-06,-9.096e-06,-9.394e-06,4.176e-06
24.4,0.4685,3.056e-05,1.126e-06,-8.709e-06,-9.393e-06,3.659e-06
28.0,0.478,2.036e-05,1.124e-06,-9.078e-06,-9.8e-06,3.245e-06
32.0,0.4886,2.034e-05,-1.122e-06,-1.02e-05,-9.39e-06,3.139e-06
36.0,0.4992,-1.016e-05,-8.958e-06,-1.019e-05,-9.797e-06,1.798e-06
40.0,0.5098,-1.777e-05,-8.94e-06,-9.419e-06,-9.797e-06,1.384e-06
44.0,0.5204,-1.522e-05,-1.004e-05,-9.029e-06,-9.796e-06,1.483e-06
48.0,0.5311,1.014e-05,-4.452e-06,-8.639e-06,-9.388e-06,2.602e-06
52.0,0.5417,-1.013e-05,-8.884e-06,-9.376e-06,-9.797e-06,1.678e-06
56.0,0.5525,0.0,-7.756e-06,-8.987e-06,-9.39e-06,1.875e-06
60.0,0.5632,3.034e-05,-3.317e-06,-8.225e-06,-8.575e-06,2.777e-06
64.0,0.574,2.021e-05,-3.309e-06,-8.211e-06,-8.169e-06,1.961e-06
68.7,0.5865,2.019e-05,-2.201e-06,-8.196e-06,-8.99e-06,1.752e-06
73.7,0.6001,1.009e-05,0.0,-7.807e-06,-8.587e-06,1.145e-06
78.7,0.6137,0.0,3.283e-06,-7.791e-06,-8.185e-06,6.431e-07
83.7,0.6273,0.0,5.457e-06,-7.035e-06,-8.194e-06,4.425e-07
88.7,0.641,2.015e-05,9.797e-06,-7.021e-06,-7.793e-06,6.351e-07
93.7,0.6547,2.014e-05,1.086e-05,-6.27e-06,-8.626e-06,5.34e-07
98.7,0.6685,3.021e-05,1.625e-05,-6.259e-06,-7.406e-06,4.34e-07
103.7,0.6824,4.028e-05,1.621e-05,-5.88e-06,-7.008e-06,5.27e-07
108.7,0.6963,4.03e-05,1.618e-05,-5.503e-06,-6.61e-06,4.283e-07
113.7,0.7102,5.039e-05,1.615e-05,-5.86e-06,-7.454e-06,4.256e-07
119.3,0.726,7.061e-05,2.042e-05,-5.119e-06,-6.231e-06,7.042e-07
125.3,0.7429,0.000101,2.467e-05,-5.111e-06,-7.087e-06,8.853e-07
131.3,0.7598,0.0001011,2.463e-05,-4.738e-06,-7.115e-06,1.249e-06
137.3,0.7769,0.0001114,2.46e-05,-3.64e-06,-6.726e-06,1.424e-06
143.3,0.794,0.0001726,3.314e-05,-4e-06,-6.759e-06,1.415e-06
149.3,0.8111,0.0001526,2.457e-05,-4.359e-06,-6.794e-06,1.679e-06
155.3,0.8284,0.000153,2.457e-05,-4.355e-06,-6.832e-06,1.76e-06
161.3,0.8457,0.0001535,2.457e-05,-3.99e-06,-7.732e-06,2.02e-06
167.3,0.8632,0.0001745,2.886e-05,-3.988e-06,-7.781e-06,2.011e-06
173.3,0.8807,0.0001854,2.889e-05,-3.625e-06,-8.269e-06,2.36e-06
180.0,0.9003,0.0001862,2.893e-05,-3.624e-06,-8.334e-06,2.351e-06
187.0,0.9209,0.0001767,2.469e-05,-3.987e-06,-7.964e-06,2.343e-06
194.0,0.9417,0.000188,2.044e-05,-3.263e-06,-8.929e-06,2.25e-06
201.0,0.9625,0.0001994,2.481e-05,-3.628e-06,-9.915e-06,2.598e-06
208.0,0.9835,0.0002426,2.922e-05,-3.267e-06,-1.092e-05,3.124e-06
215.0,1.005,0.0002227,2.933e-05,-3.996e-06,-1.149e-05,2.86e-06
222.0,1.026,0.0003946,5.997e-05,-1.818e-06,-1.161e-05,4.621e-06
229.0,1.047,0.0004611,6.898e-05,-1.456e-06,-1.267e-05,5.331e-06
236.0,1.069,0.0005067,7.369e-05,-1.822e-06,-1.375e-05,6.045e-06
243.0,1.09,0.0005528,6.962e-05,-1.459e-06,-1.389e-05,6.764e-06
250.7,1.114,0.0005559,6.112e-05,-2.192e-06,-1.454e-05,6.427e-06
258.7,1.139,0.0005153,6.595e-05,-1.829e-06,-1.618e-05,6.448e-06
266.7,1.164,0.0006982,9.335e-05,-7.326e-07,-1.637e-05,7.898e-06
274.7,1.19,0.0008861,0.0001392,-1.1e-06,-1.844e-05,9.361e-06
282.7,1.215,0.0009763,0.0001538,1.469e-06,-1.776e-05,1.263e-05
290.7,1.241,0.001021,0.0001456,2.942e-06,-1.899e-05,1.268e-05
298.7,1.267,0.0008865,0.0001558,0.0,-1.997e-05,1.02e-05
306.7,1.293,0.0004264,9.175e-05,-4.055e-06,-2.018e-05,4.505e-06
314.7,1.319,0.0001908,5.962e-05,-4.428e-06,-2.118e-05,2.604e-06
322.7,1.345,-4.769e-05,-1.988e-05,-8.518e-06,-2.152e-05,-1.376e-07
331.4,1.374,-4.489e-05,-2.108e-05,-8.556e-06,-2.215e-05,-2.302e-08
340.4,1.404,-3.086e-05,-1.755e-05,-8.972e-06,-2.251e-05,5.084e-07
349.4,1.434,-4.208e-05,-2.1e-05,-8.644e-06,-2.245e-05,1.856e-07
358.4,1.465,-3.928e-05,-1.975e-05,-9.45e-06,-2.141e-05,3.493e-07
367.4,1.496,-3.367e-05,-1.503e-05,-9.126e-06,-2.273e-05,5.141e-07
376.4,1.527,-3.086e-05,-1.15e-05,-8.036e-06,-2.265e-05,7.973e-07
385.4,1.558,-4.489e-05,-1.372e-05,-8.474e-06,-2.27e-05,5.177e-07
394.4,1.589,-5.05e-05,-1.706e-05,-8.144e-06,-2.346e-05,3.07e-07
403.4,1.621,-3.367e-05,-1.698e-05,-8.982e-06,-2.279e-05,7.108e-08
412.4,1.653,0.0002693,3.379e-06,-6.293e-06,-2.253e-05,2.14e-06
422.2,1.687,-1.122e-05,-1.345e-05,-7.928e-06,-2.184e-05,1.098e-06
432.2,1.723,-2.244e-05,-1.673e-05,-7.993e-06,-2.218e-05,8.144e-07
442.2,1.759,-2.525e-05,-1.555e-05,-7.656e-06,-2.177e-05,7.213e-07
452.2,1.796,-1.964e-05,-1.549e-05,-7.72e-06,-2.135e-05,6.275e-07
462.2,1.833,-1.403e-05,-1.543e-05,-6.963e-06,-2.016e-05,7.267e-07
472.2,1.87,-1.683e-05,-1.429e-05,-6.607e-06,-1.971e-05,9.239e-07
482.2,1.907,-1.403e-05,-1.424e-05,-5.826e-06,-1.925e-05,8.296e-07
492.2,1.944,-1.122e-05,-1.311e-05,-5.452e-06,-1.816e-05,8.324e-07
502.2,1.982,-1.122e-05,-1.199e-05,-5.492e-06,-1.577e-05,7.369e-07
512.2,2.02,-1.403e-05,-1.196e-05,-5.106e-06,-1.653e-05,6.406e-07
522.9,2.062,-1.683e-05,-1.193e-05,-4.285e-06,-1.538e-05,3.954e-07
533.9,2.104,-2.244e-05,-1.299e-05,-4.315e-06,-1.485e-05,1.983e-07
544.9,2.147,-1.122e-05,-1.189e-05,-3.474e-06,-1.365e-05,2.484e-07
555.9,2.19,-1.122e-05,-9.71e-06,-3.495e-06,-1.309e-05,3.984e-07
566.9,2.234,-1.122e-05,-1.077e-05,-4.83e-06,-1.316e-05,4.241e-07
577.9,2.278,-1.122e-05,-9.685e-06,-4.412e-06,-1.191e-05,1.999e-07
588.9,2.322,-1.122e-05,-9.676e-06,-3.544e-06,-1.13e-05,1.001e-07
599.9,2.367,-1.122e-05,-9.668e-06,-3.111e-06,-1.134e-05,2.003e-07
610.9,2.411,-1.122e-05,-8.588e-06,-2.674e-06,-9.369e-06,2.004e-07
621.9,2.457,0.0,-7.511e-06,-2.233e-06,-8.05e-06,2.506e-07
633.7,2.505,0.0,-6.436e-06,-2.237e-06,-8.064e-06,3.76e-07
645.7,2.555,0.0,-5.362e-06,-4.477e-07,-6.726e-06,6.516e-07
657.7,2.606,1.122e-05,-4.29e-06,-8.953e-07,-4.708e-06,7.514e-07
669.7,2.656,1.122e-05,-4.29e-06,4.474e-07,-4.705e-06,6.507e-07
681.7,2.707,1.122e-05,-3.219e-06,-4.467e-07,-4.026e-06,9.5e-07
693.7,2.759,2.244e-05,-1.073e-06,-4.457e-07,-3.347e-06,1.049e-06
705.7,2.811,2.244e-05,-1.074e-06,4.445e-07,-2.669e-06,1.047e-06
717.7,2.863,2.244e-05,0.0,4.429e-07,-1.994e-06,1.045e-06
729.7,2.915,2.244e-05,1.076e-06,4.411e-07,0.0,1.042e-06
741.7,2.968,2.244e-05,1.077e-06,4.391e-07,-6.58e-07,9.409e-07
751.9,3.014,3.367e-05,2.157e-06,8.743e-07,-6.548e-07,1.038e-06
759.9,3.049,3.367e-05,1.08e-06,8.711e-07,-6.522e-07,1.036e-06
767.9,3.085,3.367e-05,3.243e-06,8.677e-07,0.0,9.353e-07
775.9,3.121,3.367e-05,2.164e-06,1.728e-06,-6.465e-07,8.352e-07
783.9,3.157,4.489e-05,3.251e-06,0.0,6.435e-07,8.335e-07
791.9,3.193,3.367e-05,3.255e-06,8.567e-07,0.0,8.318e-07
799.9,3.23,2.244e-05,3.26e-06,4.264e-07,6.373e-07,8.3e-07
807.9,3.266,3.367e-05,3.264e-06,8.488e-07,6.341e-07,9.256e-07
815.9,3.303,4.489e-05,5.449e-06,4.224e-07,6.308e-07,1.118e-06
823.9,3.34,3.367e-05,5.458e-06,4.203e-07,-6.275e-07,1.116e-06
832.1,3.378,3.367e-05,4.375e-06,8.363e-07,0.0,1.113e-06
840.1,3.415,3.367e-05,5.478e-06,8.321e-07,0.0,1.111e-06
848.1,3.452,3.367e-05,4.391e-06,4.139e-07,6.175e-07,1.108e-06
856.1,3.49,3.367e-05,4.4e-06,0.0,0.0,1.01e-06
864.1,3.527,3.367e-05,2.205e-06,0.0,-6.109e-07,6.236e-07
872.1,3.565,0.0,0.0,-4.075e-07,-6.076e-07,9.574e-08
880.1,3.603,0.0,0.0,0.0,0.0,0.0
888.1,3.641,0.0,0.0,-4.033e-07,-6.011e-07,2.145e-07
896.1,3.679,1.122e-05,2.227e-06,4.012e-07,5.978e-07,4.281e-07
904.1,3.717,1.122e-05,1.116e-06,7.983e-07,-5.946e-07,4.272e-07
912.3,3.757,1.122e-05,1.12e-06,-7.941e-07,0.0,2.605e-07
920.3,3.795,1.122e-05,1.123e-06,3.951e-07,0.0,2.127e-07
928.3,3.834,1.122e-05,2.253e-06,7.863e-07,1.17e-06,1.887e-07
936.3,3.872,1.122e-05,1.13e-06,7.825e-07,1.164e-06,2.354e-07
944.3,3.911,1.122e-05,1.134e-06,1.168e-06,1.157e-06,9.399e-08
952.3,3.95,1.122e-05,0.0,7.752e-07,5.755e-07,-2.345e-08
960.3,3.99,1.122e-05,0.0,7.717e-07,1.717e-06,-2.341e-08
968.3,4.029,1.122e-05,-1.146e-06,7.683e-07,5.691e-07,4.672e-08
976.3,4.068,1.122e-05,-1.15e-06,1.148e-06,1.132e-06,-4.663e-08
984.3,4.108,1.122e-05,-2.308e-06,3.81e-07,1.125e-06,-4.653e-08
992.5,4.148,0.0,-3.474e-06,3.794e-07,5.594e-07,-1.393e-07
1000.3,4.188,0.0,-4.646e-06,3.78e-07,5.561e-07,-1.854e-07
1008.3,4.228,0.0,-5.824e-06,3.766e-07,0.0,-2.081e-07
1016.3,4.268,0.0,-7.006e-06,0.0,0.0,-2.077e-07
1024.3,4.308,-1.122e-05,-5.848e-06,0.0,-5.461e-07,-2.303e-07
1032.3,4.349,0.0,-5.855e-06,0.0,-5.426e-07,-2.528e-07
1040.3,4.389,0.0,-7.027e-06,0.0,-1.078e-06,-2.981e-07
1048.3,4.43,-1.122e-05,-8.19e-06,-3.706e-07,-1.071e-06,-3.432e-07
1056.3,4.47,-1.122e-05,-8.171e-06,-7.392e-07,-1.596e-06,-2.968e-07
1064.3,4.511,-1.122e-05,-8.172e-06,0.0,-1.585e-06,-2.05e-07
1072.3,4.553,0.0,-8.134e-06,0.0,-1.049e-06,-2.5e-07
1080.3,4.594,-1.122e-05,-6.941e-06,-3.684e-07,-1.563e-06,-2.494e-07
1088.3,4.635,0.0,-6.91e-06,-3.681e-07,-2.585e-06,-2.263e-07
1096.3,4.676,-1.122e-05,-8.025e-06,-3.678e-07,-1.54e-06,-2.032e-07
1104.3,4.718,-1.122e-05,-7.99e-06,-7.349e-07,-2.038e-06,-1.577e-07
1112.3,4.759,-1.122e-05,-1.023e-05,-2.203e-06,-4.044e-06,-1.124e-07
1120.3,4.801,-1.122e-05,-1.018e-05,-1.834e-06,-4.013e-06,-1.57e-07
1128.3,4.842,-1.402e-05,-1.014e-05,-2.199e-06,-4.976e-06,-1.119e-07
1136.3,4.884,-1.1e-05,-1.122e-05,-1.098e-06,-2.962e-06,-1.787e-07
1144.3,4.926,-1.096e-05,-1.005e-05,-1.097e-06,-3.428e-06,-2.452e-07
1153.3,4.969,-1.364e-05,-1.001e-05,-1.096e-06,-3.4e-06,-2.448e-07
1161.3,5.011,-1.631e-05,-1.219e-05,-2.556e-06,-4.818e-06,-2.221e-07
1169.3,5.053,-1.895e-05,-1.325e-05,-2.918e-06,-5.257e-06,-1.996e-07
1177.3,5.096,-1.617e-05,-1.43e-05,-3.28e-06,-5.215e-06,-1.55e-07
1185.3,5.138,-2.684e-05,-1.425e-05,-2.913e-06,-5.643e-06,-1.548e-07
1193.3,5.181,-2.94e-05,-1.529e-05,-2.547e-06,-6.065e-06,-1.104e-07
1201.3,5.223,-2.395e-05,-1.416e-05,-3.272e-06,-6.479e-06,-2.206e-08
1209.3,5.266,-3.18e-05,-1.629e-05,-3.996e-06,-6.429e-06,-6.611e-08
1217.3,5.309,-2.639e-05,-1.624e-05,-4.357e-06,-6.835e-06,-8.808e-08
1225.3,5.352,-2.891e-05,-1.62e-05,-4.717e-06,-5.878e-06,-6.602e-08
1233.3,5.396,-3.403e-05,-1.724e-05,-4.352e-06,-7.18e-06,-4.4e-08
1241.3,5.439,-3.389e-05,-1.72e-05,-5.438e-06,-8.018e-06,-4.399e-08
1249.3,5.483,-3.896e-05,-1.932e-05,-5.075e-06,-7.961e-06,-2.2e-08
1257.3,5.526,-4.14e-05,-2.036e-05,-5.799e-06,-8.346e-06,-4.401e-08
1265.3,5.569,-3.868e-05,-2.141e-05,-6.162e-06,-8.726e-06,2.202e-08
1273.3,5.613,-4.112e-05,-2.139e-05,-6.525e-06,-9.537e-06,2.204e-08
1281.3,5.657,-4.099e-05,-2.244e-05,-5.077e-06,-8.186e-06,-2.206e-08
1289.3,5.7,-4.598e-05,-2.35e-05,-5.805e-06,-8.566e-06,-4.418e-08
1297.3,5.744,-4.585e-05,-2.35e-05,-6.172e-06,-8.944e-06,-1.549e-07
1305.3,5.788,-5.082e-05,-2.351e-05,-6.904e-06,-9.743e-06,-1.995e-07
1313.3,5.834,-5.578e-05,-2.566e-05,-6.548e-06,-9.693e-06,-2.444e-07
1321.3,5.878,-5.314e-05,-2.676e-05,-7.285e-06,-1.007e-05,-6.683e-08
1329.3,5.922,-5.81e-05,-2.787e-05,-8.025e-06,-1.086e-05,-2.234e-07
1337.3,5.966,-5.803e-05,-2.899e-05,-8.404e-06,-1.082e-05,-2.017e-07
1345.3,6.011,-6.301e-05,-2.905e-05,-9.152e-06,-1.202e-05,-3.149e-07
1353.3,6.056,-6.296e-05,-3.128e-05,-9.538e-06,-1.198e-05,-2.484e-07
1361.3,6.1,-6.798e-05,-3.137e-05,-9.56e-06,-1.236e-05,-3.627e-07
1369.3,6.145,-7.049e-05,-3.255e-05,-1.069e-05,-1.315e-05,-3.416e-07
1377.3,6.19,-7.555e-05,-3.485e-05,-1.072e-05,-1.353e-05,-3.89e-07
1385.3,6.235,-7.813e-05,-3.608e-05,-1.112e-05,-1.423e-05,-3.68e-07
1393.3,6.281,-8.074e-05,-3.625e-05,-1.191e-05,-1.421e-05,-3.239e-07
1401.3,6.326,-8.338e-05,-3.807e-05,-1.232e-05,-1.501e-05,-4.421e-07
1409.3,6.372,-8.353e-05,-3.883e-05,-1.312e-05,-1.551e-05,-5.151e-07
1417.3,6.417,-9.386e-05,-3.96e-05,-1.392e-05,-1.643e-05,-3.771e-07
1425.3,6.463,-9.156e-05,-4.096e-05,-1.436e-05,-1.613e-05,-5.221e-07
1433.3,6.508,-0.000102,-4.263e-05,-1.518e-05,-1.767e-05,-5.019e-07
1441.3,6.554,-0.0001024,-4.491e-05,-1.602e-05,-1.851e-05,-5.539e-07
1449.3,6.6,-0.0001105,-4.609e-05,-1.61e-05,-1.915e-05,-8.011e-07
1457.3,6.646,-0.0001135,-4.875e-05,-1.714e-05,-1.98e-05,-8.812e-07
1465.3,6.692,-0.0001192,-5.058e-05,-1.869e-05,-2.077e-05,-9.011e-07
1473.3,6.739,-0.0001224,-5.102e-05,-1.86e-05,-2.123e-05,-9.468e-07
1481.3,6.785,-0.0001309,-5.353e-05,-2.018e-05,-2.285e-05,-1.006e-06
1489.3,6.831,-0.000129,-5.61e-05,-2.01e-05,-2.22e-05,-9.965e-07
1497.3,6.878,-0.000141,-5.843e-05,-2.162e-05,-2.384e-05,-1.115e-06
1505.3,6.924,-0.0001473,-6.022e-05,-2.226e-05,-2.478e-05,-1.023e-06
1513.3,6.971,-0.0001543,-6.175e-05,-2.341e-05,-2.698e-05,-1.08e-06
1521.3,7.017,-0.0001574,-6.395e-05,-2.448e-05,-2.743e-05,-1.006e-06
1529.3,7.064,-0.0001667,-6.652e-05,-2.537e-05,-2.884e-05,-1.097e-06
1537.3,7.111,-0.000168,-7.074e-05,-2.729e-05,-2.942e-05,-1.171e-06
1545.3,7.158,-0.0001804,-7.315e-05,-2.811e-05,-3.173e-05,-1.143e-06
1554.3,7.206,-0.0001861,-7.5e-05,-2.895e-05,-3.106e-05,-1.227e-06
1562.3,7.254,-0.0001983,-7.787e-05,-3.001e-05,-3.342e-05,-1.2e-06
1570.3,7.301,-0.0001972,-8.081e-05,-3.098e-05,-3.495e-05,-1.314e-06
1578.3,7.348,-0.0002076,-8.283e-05,-3.282e-05,-3.562e-05,-1.446e-06
1586.3,7.396,-0.0002204,-8.729e-05,-3.394e-05,-3.631e-05,-1.654e-06
1594.3,7.443,-0.0002261,-9.118e-05,-3.465e-05,-3.791e-05,-1.617e-06
1602.3,7.491,-0.0002387,-9.378e-05,-3.623e-05,-3.908e-05,-1.743e-06
1610.3,7.539,-0.0002425,-9.645e-05,-3.829e-05,-3.983e-05,-1.865e-06
1618.3,7.587,-0.0002517,-0.0001006,-3.993e-05,-4.196e-05,-1.936e-06
1626.3,7.635,-0.0002642,-0.0001049,-4.115e-05,-4.321e-05,-2.088e-06
1634.3,7.684,-0.0002732,-0.0001079,-4.239e-05,-4.448e-05,-2.181e-06
1642.3,7.732,-0.0002823,-0.0001109,-4.41e-05,-4.624e-05,-2.019e-06
1650.3,7.781,-0.0002978,-0.0001155,-4.537e-05,-4.709e-05,-2.112e-06
1658.3,7.829,-0.0003073,-0.0001202,-4.62e-05,-4.937e-05,-2.339e-06
1666.3,7.877,-0.0003138,-0.000125,-4.843e-05,-5.074e-05,-2.506e-06
1674.3,7.926,-0.0003237,-0.0001267,-4.975e-05,-5.309e-05,-2.337e-06
1682.3,7.975,-0.000337,-0.0001318,-5.156e-05,-5.353e-05,-2.714e-06
1690.3,8.024,-0.0003472,-0.0001369,-5.291e-05,-5.544e-05,-2.507e-06
1698.3,8.072,-0.000361,-0.0001404,-5.475e-05,-5.787e-05,-2.577e-06
1706.3,8.122,-0.0003716,-0.0001458,-5.613e-05,-5.835e-05,-2.362e-06
1714.3,8.172,-0.0003756,-0.0001478,-5.606e-05,-5.883e-05,-2.431e-06
1722.3,8.221,-0.0003864,-0.0001516,-5.842e-05,-6.133e-05,-2.61e-06
1730.3,8.27,-0.0004009,-0.0001554,-5.981e-05,-6.181e-05,-2.533e-06
1738.3,8.32,-0.000412,-0.000161,-6.022e-05,-6.435e-05,-2.565e-06
1746.3,8.369,-0.0004161,-0.000165,-6.211e-05,-6.484e-05,-2.483e-06
1754.3,8.419,-0.0004201,-0.000169,-6.452e-05,-6.323e-05,-2.707e-06
1762.3,8.469,-0.000435,-0.0001711,-6.491e-05,-6.58e-05,-2.856e-06
1770.3,8.519,-0.0004428,-0.000177,-6.529e-05,-6.839e-05,-2.81e-06
1778.3,8.569,-0.0004505,-0.0001811,-6.771e-05,-6.886e-05,-2.601e-06
1786.3,8.619,-0.0004581,-0.0001851,-7.013e-05,-7.146e-05,-2.953e-06
1794.3,8.67,-0.0004734,-0.0001893,-6.842e-05,-6.977e-05,-2.943e-06
1802.3,8.721,-0.0004811,-0.0001934,-7.084e-05,-7.238e-05,-2.971e-06
1810.3,8.771,-0.0004849,-0.0001975,-7.116e-05,-7.28e-05,-2.916e-06
1818.3,8.821,-0.0004886,-0.0002015,-7.356e-05,-7.322e-05,-2.899e-06
1826.3,8.872,-0.0005037,-0.0002036,-7.386e-05,-7.361e-05,-3.304e-06
1834.3,8.923,-0.0005072,-0.0002097,-7.413e-05,-7.621e-05,-3.159e-06
1842.3,8.974,-0.0005105,-0.0002116,-7.226e-05,-7.435e-05,-3.181e-06
1850.3,9.025,-0.0005216,-0.0002156,-7.462e-05,-7.468e-05,-2.943e-06
1858.3,9.076,-0.0005406,-0.0002196,-7.698e-05,-7.501e-05,-3.265e-06
1866.3,9.127,-0.0005436,-0.0002235,-7.719e-05,-7.531e-05,-3.414e-06
1874.3,9.179,-0.0005465,-0.0002252,-7.738e-05,-7.56e-05,-3.211e-06
1882.3,9.231,-0.0005492,-0.0002269,-7.754e-05,-7.586e-05,-3.49e-06
1890.3,9.282,-0.0005517,-0.0002306,-7.985e-05,-7.611e-05,-3.414e-06
1898.3,9.334,-0.0005541,-0.0002299,-7.998e-05,-7.404e-05,-3.558e-06
1906.3,9.386,-0.0005563,-0.0002357,-7.794e-05,-7.194e-05,-3.434e-06
1914.3,9.437,-0.0005419,-0.000237,-8.021e-05,-7.674e-05,-3.844e-06
1922.3,9.489,-0.0005438,-0.0002405,-7.812e-05,-7.461e-05,-3.537e-06
1930.3,9.541,-0.0005621,-0.0002417,-7.82e-05,-7.477e-05,-3.72e-06
1938.3,9.594,-0.0005472,-0.0002428,-8.043e-05,-7.027e-05,-4.216e-06
1946.3,9.646,-0.0005362,-0.0002439,-7.83e-05,-7.04e-05,-3.544e-06
1955.3,9.7,-0.000546,-0.0002449,-8.052e-05,-7.285e-05,-3.903e-06
1963.3,9.752,-0.0005515,-0.0002458,-7.837e-05,-7.062e-05,-3.767e-06
1971.3,9.805,-0.0005444,-0.0002466,-7.839e-05,-6.839e-05,-4.033e-06
1979.3,9.857,-0.0005498,-0.0002497,-7.841e-05,-6.848e-05,-3.626e-06
1987.3,9.91,-0.0005467,-0.0002527,-7.842e-05,-6.564e-05,-4.158e-06
1995.3,9.963,-0.000552,-0.0002511,-7.843e-05,-6.279e-05,-3.929e-06
2003.3,10.02,-0.0005489,-0.0002518,-7.625e-05,-6.169e-05,-3.833e-06
2011.3,10.07,-0.0005374,-0.0002524,-7.844e-05,-6.059e-05,-4.183e-06
2019.3,10.12,-0.0005469,-0.000253,-7.626e-05,-6.125e-05,-3.864e-06
2027.3,10.18,-0.0005481,-0.000249,-7.845e-05,-5.897e-05,-3.547e-06
2035.3,10.23,-0.0005408,-0.0002495,-7.628e-05,-5.728e-05,-3.584e-06
2043.3,10.28,-0.0005249,-0.0002501,-7.412e-05,-5.5e-05,-3.71e-06
2051.3,10.34,-0.0005219,-0.000253,-7.632e-05,-5.39e-05,-3.748e-06
2059.3,10.39,-0.0005189,-0.0002489,-7.417e-05,-5.102e-05,-3.609e-06
2067.3,10.45,-0.0005117,-0.0002471,-7.42e-05,-4.814e-05,-3.384e-06
2075.3,10.5,-0.0005003,-0.0002523,-7.206e-05,-4.823e-05,-3.16e-06
2083.3,10.55,-0.0004932,-0.0002529,-6.993e-05,-4.834e-05,-3.288e-06
2091.3,10.61,-0.0004818,-0.0002489,-7.218e-05,-4.426e-05,-2.935e-06
2099.3,10.66,-0.0004966,-0.0002448,-7.225e-05,-4.197e-05,-3.546e-06
2107.3,10.72,-0.0004811,-0.0002502,-7.014e-05,-3.818e-05,-3.414e-06
2115.3,10.77,-0.0004656,-0.000251,-6.64e-05,-3.634e-05,-2.889e-06
2123.3,10.83,-0.0004632,-0.0002446,-6.595e-05,-3.57e-05,-2.978e-06
2131.3,10.88,-0.0004521,-0.0002526,-6.331e-05,-3.506e-05,-3.068e-06
2139.3,10.94,-0.0004545,-0.0002463,-6.399e-05,-3.047e-05,-3.116e-06
2147.3,10.99,-0.000439,-0.0002472,-6.412e-05,-2.769e-05,-2.572e-06
2155.3,11.05,-0.000446,-0.000253,-6.261e-05,-2.965e-05,-2.952e-06
2163.3,11.1,-0.000476,-0.0002468,-6.499e-05,-2.577e-05,-3.004e-06
2171.3,11.16,-0.0004471,-0.0002528,-6.015e-05,-2.822e-05,-2.714e-06
2179.3,11.21,-0.0004363,-0.0002515,-6.368e-05,-2.587e-05,-3.157e-06
2187.3,11.27,-0.0004441,-0.0002552,-6.22e-05,-2.476e-05,-2.813e-06
2195.3,11.33,-0.0004148,-0.000259,-6.185e-05,-2.301e-05,-2.916e-06
2203.3,11.38,-0.0004603,-0.0002555,-6.037e-05,-2.33e-05,-3.517e-06
2211.3,11.44,-0.0004214,-0.0002594,-5.663e-05,-2.169e-05,-2.8e-06
2219.3,11.49,-0.000425,-0.0002635,-5.741e-05,-1.862e-05,-2.646e-06
2227.3,11.55,-0.0004383,-0.0002676,-5.707e-05,-1.745e-05,-3.353e-06
2235.3,11.61,-0.000413,-0.0002668,-5.788e-05,-1.757e-05,-3.192e-06
2243.3,11.66,-0.0004266,-0.0002711,-5.64e-05,-1.114e-05,-3.496e-06
2251.3,11.72,-0.0003947,-0.0002704,-5.607e-05,-1.188e-05,-3.384e-06
2259.3,11.78,-0.0003747,-0.0002671,-5.575e-05,-9.97e-06,-3.555e-06
2267.3,11.83,-0.0004212,-0.0002742,-5.367e-05,-8.705e-06,-3.253e-06
2276.3,11.89,-0.000391,-0.0002763,-5.217e-05,-8.098e-06,-3.768e-06
2284.3,11.95,-0.0003782,-0.0002784,-4.888e-05,-5.44e-06,-3.805e-06
2292.3,12.01,-0.000378,-0.0002778,-4.497e-05,-2.055e-06,-4.436e-06
2300.3,12.06,-0.0003568,-0.0002773,-4.994e-05,-2.762e-06,-4.184e-06
2308.3,12.12,-0.000363,-0.0002741,-4.839e-05,3.478e-06,-4.482e-06
2316.3,12.18,-0.0003371,-0.000279,-4.681e-05,1.051e-05,-4.379e-06
2324.3,12.23,-0.0003106,-0.0002868,-4.206e-05,1.624e-05,-4.687e-06
2332.3,12.29,-0.0002672,-0.000278,-4.149e-05,1.636e-05,-5.054e-06
2340.3,12.35,-0.0002477,-0.0002691,-3.59e-05,2.508e-05,-4.955e-06
2348.3,12.41,-0.0001833,-0.0002685,-3.743e-05,3.392e-05,-4.906e-06
2356.3,12.47,-0.0001793,-0.0002565,-3.376e-05,3.706e-05,-5.127e-06
2364.3,12.52,-0.0001073,-0.0002414,-3.328e-05,4.023e-05,-5.351e-06
2372.3,12.58,-0.0001253,-0.0002406,-3.913e-05,1.693e-05,-6.296e-06
2380.3,12.64,-0.0003931,-0.0002836,-6.582e-05,-4.573e-05,-5.418e-06
2388.3,12.7,-0.0008091,-0.000404,-0.0001047,-0.0001497,-5.93e-06
2396.3,12.76,-0.0007506,-0.0004432,-0.0001,-0.0001356,-6.165e-06
2404.3,12.82,-0.0003265,-0.0002971,-4.829e-05,-3.501e-05,-7.036e-06
2412.3,12.87,-0.0005773,-0.0003786,-7.422e-05,-6.582e-05,-6.116e-06
2420.3,12.93,-0.0005924,-0.0003822,-8.325e-05,-7.904e-05,-6.232e-06
2428.3,12.99,-0.0005896,-0.0003736,-8.852e-05,-8.548e-05,-4.745e-06
2436.3,13.05,-0.0006525,-0.0003901,-7.733e-05,-8.508e-05,-2.408e-06
2444.3,13.11,-0.0006136,-0.0003691,-7.369e-05,-6.771e-05,-2.471e-06
2452.3,13.17,-0.0005923,-0.0004117,-7.639e-05,-7.569e-05,-2.716e-06
2460.3,13.23,-0.0005768,-0.0004039,-7.719e-05,-7.829e-05,-2.657e-06
2468.3,13.29,-0.0005918,-0.0004094,-8.438e-05,-8.48e-05,-3.118e-06
2476.3,13.35,-0.0006562,-0.0004155,-8.2e-05,-9.45e-05,-2.3e-06
2484.3,13.41,-0.0006537,-0.0004224,-8.476e-05,-0.0001012,-2.823e-06
2492.3,13.47,-0.0005957,-0.0004301,-8.754e-05,-9.531e-05,-3.644e-06
2500.3,13.53,-0.0007251,-0.0004671,-9.037e-05,-0.0001085,-3.314e-06
2508.3,13.59,-0.0006745,-0.0004924,-9.325e-05,-0.0001155,-4.203e-06
2516.3,13.65,-0.0007706,-0.0005058,-9.361e-05,-0.0001195,-4.28e-06
2524.3,13.71,-0.0007412,-0.0005061,-9.664e-05,-0.0001204,-3.584e-06
2532.3,13.77,-0.0008108,-0.000524,-9.716e-05,-0.0001314,-3.422e-06
2540.3,13.83,-0.0007318,-0.0005619,-0.0001057,-0.0001328,-4.836e-06
2548.3,13.89,-0.0007405,-0.000589,-0.0001065,-0.0001413,-5.052e-06
2556.3,13.95,-0.0007734,-0.0006407,-0.0001075,-0.0001572,-5.017e-06
2564.3,14.01,-0.0008909,-0.0006843,-0.0001087,-0.0001603,-4.277e-06
2572.3,14.07,-0.000917,-0.0007616,-0.0001211,-0.0001712,-4.972e-06
2580.3,14.13,-0.001006,-0.0008388,-0.0001202,-0.0001869,-6.224e-06
2588.3,14.19,-0.001038,-0.0009457,-0.0001167,-0.0001895,-4.974e-06
2596.3,14.25,-0.001139,-0.001107,-0.0001397,-0.0002131,-6.923e-06
2604.3,14.31,-0.001307,-0.001397,-0.0001373,-0.000236,-6.599e-06
2612.3,14.37,-0.001539,-0.001821,-0.0001446,-0.0002415,-7.377e-06
2620.3,14.43,-0.001765,-0.003083,-0.0001627,-0.0002876,-6.982e-06
2628.3,14.5,-0.002176,-0.009098,-0.0001831,-0.0003141,-7.944e-06
2636.3,14.56,-0.002662,0.0075,-0.0001927,-0.0003564,-1.017e-05
2644.3,14.62,-0.004092,0.002639,-0.0002048,-0.0004436,-8.525e-06
2652.3,14.68,-0.009722,0.001484,-0.0002325,-0.0005353,-1.203e-05
2660.3,14.74,0.02353,0.0009609,-0.0002456,-0.000728,-1.314e-05
2668.3,14.8,0.005067,0.0007505,-0.0002941,-0.001116,-1.651e-05
2677.3,14.86,0.002926,0.0006108,-0.0003682,-0.002763,-2.222e-05
2685.3,14.93,0.001839,0.0004683,-0.0004025,0.005274,-3.353e-05
2693.3,14.99,0.001465,0.0004158,-0.0005557,0.001273,-6.144e-05
2701.3,15.05,0.001075,0.0003492,-0.0009008,0.000737,0.0009806
2709.3,15.11,0.0009157,0.0002902,-0.002,0.0004899,4.629e-05
2717.3,15.17,0.0008133,0.0002559,0.008181,0.0003757,2.584e-05
2725.3,15.23,0.0006368,0.0002224,0.001264,0.00029,1.765e-05
2733.3,15.3,0.00055,0.0001947,0.0007088,0.000232,1.157e-05
2741.3,15.36,0.0004904,0.0001717,0.0004525,0.0001905,9.419e-06
2749.3,15.42,0.0004663,0.0001594,0.0003332,0.000167,7.754e-06
2757.3,15.48,0.0003904,0.0001385,0.0002718,0.0001413,5.931e-06
2765.3,15.55,0.0003817,0.0001326,0.0002179,0.0001215,5.127e-06
2773.3,15.61,0.0003316,0.0001244,0.0001881,0.0001055,4.19e-06
2781.3,15.67,0.0003099,0.0001122,0.000158,9.237e-05,3.551e-06
2789.3,15.73,0.0002723,0.0001059,0.0001409,8.517e-05,3.407e-06
2797.3,15.8,0.0002646,9.617e-05,0.0001217,7.232e-05,2.626e-06
2805.3,15.86,0.0002347,8.764e-05,0.0001016,6.747e-05,2.506e-06
2813.3,15.92,0.0002222,8.169e-05,9.349e-05,5.79e-05,2.291e-06
2821.3,15.98,0.0002076,7.924e-05,8.29e-05,5.454e-05,2.06e-06
2829.3,16.05,0.0002055,7.817e-05,7.724e-05,4.935e-05,1.899e-06
2837.3,16.11,0.0001948,7.308e-05,6.915e-05,4.472e-05,1.783e-06
2845.3,16.18,0.0001807,7.318e-05,6.24e-05,4.077e-05,1.592e-06
2853.3,16.24,0.0001787,7.194e-05,5.896e-05,3.892e-05,1.401e-06
2861.3,16.3,0.0001724,6.771e-05,5.369e-05,3.572e-05,1.26e-06
2869.3,16.36,0.0001593,6.568e-05,5.108e-05,3.152e-05,1.224e-06
2877.3,16.43,0.0001542,6.798e-05,4.688e-05,3.037e-05,1.225e-06
2885.3,16.49,0.0001493,6.348e-05,4.318e-05,2.812e-05,1.13e-06
2893.3,16.55,0.0001391,6.238e-05,3.991e-05,2.612e-05,1.061e-06
2901.3,16.62,0.0001298,6.129e-05,3.701e-05,2.432e-05,8.801e-07
2909.3,16.68,0.0001265,6.285e-05,3.443e-05,2.271e-05,8.19e-07
2917.3,16.75,0.0001185,5.913e-05,3.207e-05,2.124e-05,8.49e-07
2925.3,16.81,0.0001115,5.584e-05,3.119e-05,1.994e-05,7.581e-07
2933.3,16.87,0.0001051,5.506e-05,2.819e-05,1.878e-05,6.464e-07
2941.3,16.94,9.942e-05,5.224e-05,2.655e-05,1.699e-05,6.167e-07
2949.3,17.0,9.425e-05,4.969e-05,2.508e-05,1.609e-05,5.442e-07
2957.3,17.06,8.959e-05,4.926e-05,2.376e-05,1.527e-05,4.969e-07
2965.3,17.13,8.54e-05,4.708e-05,2.258e-05,1.454e-05,4.235e-07
2973.3,17.19,8.162e-05,4.512e-05,2.153e-05,1.388e-05,4.166e-07
2981.3,17.26,7.824e-05,4.335e-05,2.058e-05,1.272e-05,3.217e-07
2989.3,17.32,7.521e-05,4.176e-05,1.975e-05,1.221e-05,3.458e-07
2997.3,17.39,7.246e-05,4.186e-05,1.899e-05,1.176e-05,3.122e-07
3005.3,17.45,7.009e-05,4.056e-05,1.762e-05,1.137e-05,2.658e-07
3013.3,17.51,6.801e-05,3.943e-05,1.707e-05,1.102e-05,2.719e-07
3021.3,17.58,6.622e-05,3.844e-05,1.727e-05,1.073e-05,2.471e-07
3029.3,17.64,6.469e-05,3.76e-05,1.686e-05,1.047e-05,2.389e-07
3037.3,17.71,6.343e-05,3.691e-05,1.651e-05,1.027e-05,2.135e-07
3045.3,17.77,6.49e-05,3.77e-05,1.624e-05,1.01e-05,2.162e-07
3053.3,17.84,6.168e-05,3.727e-05,1.604e-05,9.978e-06,2.064e-07
3061.3,17.9,6.362e-05,3.699e-05,1.529e-05,9.898e-06,2.171e-07
3069.3,17.97,6.339e-05,3.686e-05,1.585e-05,9.861e-06,1.971e-07
3078.3,18.03,6.345e-05,3.689e-05,1.525e-05,9.423e-06,2.004e-07
3086.3,18.1,6.381e-05,3.709e-05,1.596e-05,9.928e-06,1.83e-07
3094.3,18.16,6.449e-05,3.747e-05,1.613e-05,1.004e-05,1.805e-07
3102.3,18.23,6.553e-05,3.804e-05,1.641e-05,9.739e-06,1.687e-07
3110.3,18.29,6.696e-05,3.883e-05,1.678e-05,1.043e-05,1.324e-07
3118.3,18.36,6.882e-05,3.985e-05,1.727e-05,1.024e-05,1.262e-07
3126.3,18.42,7.118e-05,4.115e-05,1.72e-05,1.11e-05,1.298e-07
3134.3,18.49,7.412e-05,4.275e-05,1.794e-05,1.104e-05,1.367e-07
3142.3,18.55,7.774e-05,4.632e-05,1.886e-05,1.214e-05,1.409e-07
3150.3,18.62,8.529e-05,4.88e-05,2e-05,1.285e-05,1.484e-07
3158.3,18.69,-9.999,-9.999,-9.999,-9.999,1.475e-07
3166.3,18.75,-9.999,-9.999,-9.999,-9.999,1.561e-07
3174.3,18.82,-9.999,-9.999,-9.999,-9.999,1.624e-07
3182.3,18.88,-9.999,-9.999,-9.999,-9.999,1.754e-07
3190.3,18.95,-9.999,-9.999,-9.999,-9.999,1.745e-07
3198.3,19.01,-9.999,-9.999,-9.999,-9.999,1.866e-07
3206.3,19.08,-9.999,-9.999,-9.999,-9.999,2e-07
3214.3,19.15,-9.999,-9.999,-9.999,-9.999,2.055e-07
3222.3,19.21,-9.999,-9.999,-9.999,-9.999,2.19e-07
3230.3,19.28,-9.999,-9.999,-9.999,-9.999,2.311e-07
