TIME (SECONDS),PRESSURE (BARS),TEMPERATURE (KELVINS),ALTITUDE (KILOMETERS),FORWARD CHANNEL (DEGREES CELSIUS),BACKWARD CHANNEL (DEGREES CELSIUS),5.8 DEGREES (COUNTS),16 DEGREES (COUNTS),40 DEGREES (COUNTS),70 DEGREES (COUNTS),178 DEGREES (COUNTS)
-4.0,0.3943,125.85,20.28,5.41,5.01,438,369,474,595,883
-2.6,0.3981,126.15,20.11,5.22,4.8,439,369,474,595,882
0.4,0.4058,126.75,19.76,4.8,4.35,440,368,476,594,882
3.4,0.4136,127.45,19.42,4.38,3.9,442,368,478,594,881
6.4,0.4214,128.05,19.07,3.97,3.45,444,368,480,594,882
9.4,0.4292,128.75,18.73,3.56,3.01,445,368,482,594,882
12.4,0.437,129.35,18.39,3.15,2.56,447,368,485,594,883
15.4,0.4449,129.95,18.05,2.74,2.12,449,368,487,594,884
18.4,0.4527,130.55,17.72,2.34,1.69,452,368,490,594,885
21.4,0.4606,131.25,17.39,1.94,1.25,454,368,493,595,886
24.4,0.4685,131.85,17.06,1.54,0.82,456,368,496,595,888
26.0,0.4728,132.15,16.88,1.33,0.59,458,368,498,596,889
28.0,0.478,132.55,16.66,1.06,0.31,459,368,500,596,890
32.0,0.4886,133.35,16.23,0.54,-0.26,463,368,504,597,894
36.0,0.4992,134.25,15.8,0.02,-0.82,467,368,509,599,897
40.0,0.5098,135.05,15.38,-0.49,-1.38,471,368,514,600,901
44.0,0.5204,135.85,14.96,-1.0,-1.93,475,369,519,602,906
48.0,0.5311,136.65,14.55,-1.51,-2.48,479,369,525,604,911
52.0,0.5417,137.45,14.13,-2.01,-3.02,484,370,531,606,916
56.0,0.5525,138.15,13.73,-2.51,-3.56,489,370,537,608,922
60.0,0.5632,138.95,13.32,-3.0,-4.09,494,371,543,611,928
64.0,0.574,139.75,12.92,-3.49,-4.62,499,372,549,613,934
66.2,0.5798,140.15,12.71,-3.76,-4.91,502,372,553,615,938
68.7,0.5865,140.65,12.46,-4.06,-5.23,505,372,557,617,942
73.7,0.6001,141.65,11.97,-4.66,-5.88,512,373,566,620,951
78.7,0.6137,142.55,11.48,-5.25,-6.52,519,374,575,624,960
83.7,0.6273,143.55,11.0,-5.83,-7.15,526,375,584,629,970
88.7,0.641,144.45,10.52,-6.41,-7.78,534,377,593,633,981
93.7,0.6547,145.35,10.05,-6.98,-8.4,542,378,603,638,992
98.7,0.6685,146.35,9.586,-7.55,-9.01,550,379,613,643,1003
103.7,0.6824,147.25,9.124,-8.11,-9.61,558,381,624,648,1015
108.7,0.6963,148.15,8.666,-8.66,-10.21,567,382,634,653,1027
113.7,0.7102,149.05,8.213,-9.21,-10.8,575,383,645,659,1039
116.3,0.7176,149.55,7.974,-9.49,-11.11,580,384,651,662,1046
119.3,0.726,150.05,7.706,-9.81,-11.46,585,385,658,665,1054
125.3,0.7429,151.15,7.174,-10.45,-12.15,596,387,671,672,1070
131.3,0.7598,152.25,6.647,-11.08,-12.83,607,389,685,680,1086
137.3,0.7769,153.25,6.127,-11.7,-13.5,619,391,699,687,1103
143.3,0.794,154.35,5.612,-12.31,-14.16,630,393,714,695,1121
149.3,0.8111,155.35,5.102,-12.91,-14.81,642,396,729,703,1138
155.3,0.8284,156.35,4.597,-13.5,-15.45,654,398,743,711,1156
161.3,0.8457,157.45,4.098,-14.09,-16.08,666,400,759,720,1174
167.3,0.8632,158.45,3.603,-14.66,-16.7,678,403,774,728,1193
173.3,0.8807,159.45,3.113,-15.23,-17.31,690,405,789,737,1212
176.5,0.89,159.95,2.855,-15.52,-17.64,697,406,798,742,1222
180.0,0.9003,160.55,2.572,-15.85,-17.98,704,408,807,747,1233
187.0,0.9209,161.75,2.012,-16.48,-18.67,719,411,825,757,1256
194.0,0.9417,162.85,1.458,-17.11,-19.35,734,414,844,768,1279
201.0,0.9625,164.05,0.9094,-17.72,-20.02,748,417,863,779,1302
208.0,0.9835,165.15,0.3663,-18.33,-20.67,764,420,882,790,1325
215.0,1.005,166.25,-0.1716,-18.92,-21.31,779,423,901,801,1349
222.0,1.026,167.35,-0.7045,-19.5,-21.93,794,427,920,812,1372
229.0,1.047,168.55,-1.232,-20.06,-22.55,809,430,939,823,1396
236.0,1.069,169.55,-1.756,-20.62,-23.15,824,433,958,835,1419
243.0,1.09,170.65,-2.274,-21.16,-23.74,839,436,977,846,1443
246.7,1.102,171.25,-2.546,-21.45,-24.05,848,438,988,852,1456
250.7,1.114,171.85,-2.839,-21.75,-24.37,856,440,998,858,1469
258.7,1.139,173.15,-3.421,-22.35,-25.02,874,444,1020,872,1497
266.7,1.164,174.32,-3.998,-22.93,-25.65,891,447,1042,885,1524
274.7,1.19,175.53,-4.569,-23.49,-26.26,908,451,1064,898,1551
282.7,1.215,176.72,-5.136,-24.04,-26.86,925,455,1085,910,1577
290.7,1.241,177.91,-5.698,-24.58,-27.44,943,459,1107,923,1604
298.7,1.267,179.09,-6.255,-25.1,-28.01,959,463,1128,936,1631
306.7,1.293,180.26,-6.807,-25.61,-28.56,976,466,1149,949,1657
314.7,1.319,181.42,-7.356,-26.11,-29.1,993,470,1170,962,1683
322.7,1.345,182.57,-7.9,-26.59,-29.62,1009,474,1191,974,1708
326.9,1.359,183.17,-8.185,-26.84,-29.89,1018,476,1202,981,1722
331.4,1.374,183.82,-8.489,-27.1,-30.17,1027,478,1213,988,1736
340.4,1.404,185.09,-9.092,-27.61,-30.73,1045,482,1236,1002,1764
349.4,1.434,186.36,-9.69,-28.1,-31.26,1062,486,1258,1015,1791
358.4,1.465,187.61,-10.28,-28.57,-31.78,1079,489,1279,1028,1818
367.4,1.496,188.86,-10.87,-29.03,-32.28,1096,493,1300,1041,1845
376.4,1.527,190.1,-11.46,-29.47,-32.76,1113,497,1321,1054,1871
385.4,1.558,191.32,-12.04,-29.9,-33.22,1129,501,1342,1067,1896
394.4,1.589,192.54,-12.62,-30.31,-33.67,1145,504,1361,1079,1920
403.4,1.621,193.75,-13.19,-30.7,-34.1,1160,508,1380,1090,1944
412.4,1.653,194.95,-13.76,-31.08,-34.51,1175,511,1399,1102,1967
417.2,1.669,195.58,-14.06,-31.27,-34.72,1182,513,1409,1108,1979
422.2,1.687,196.24,-14.38,-31.47,-34.94,1190,515,1419,1114,1992
432.2,1.723,197.55,-15.0,-31.85,-35.36,1205,518,1438,1126,2016
442.2,1.759,198.86,-15.62,-32.21,-35.76,1220,522,1456,1137,2039
452.2,1.796,200.15,-16.24,-32.56,-36.13,1234,525,1474,1149,2061
462.2,1.833,201.43,-16.85,-32.88,-36.49,1248,528,1491,1159,2082
472.2,1.87,202.71,-17.46,-33.19,-36.83,1261,531,1507,1169,2102
482.2,1.907,203.98,-18.07,-33.47,-37.15,1272,534,1522,1178,2122
492.2,1.944,205.23,-18.68,-33.74,-37.45,1284,536,1537,1187,2140
502.2,1.982,206.48,-19.28,-33.99,-37.73,1294,539,1550,1196,2157
512.2,2.02,207.72,-19.87,-34.23,-37.99,1305,541,1563,1204,2173
517.4,2.04,208.37,-20.18,-34.34,-38.12,1310,542,1569,1208,2181
522.9,2.062,209.04,-20.51,-34.46,-38.25,1315,544,1576,1212,2189
533.9,2.104,210.39,-21.16,-34.67,-38.49,1324,546,1587,1219,2204
544.9,2.147,211.72,-21.81,-34.87,-38.71,1333,548,1598,1226,2218
555.9,2.19,213.05,-22.45,-35.04,-38.91,1340,550,1608,1232,2230
566.9,2.234,214.36,-23.09,-35.19,-39.09,1347,551,1616,1237,2242
577.9,2.278,215.67,-23.72,-35.33,-39.25,1353,553,1624,1242,2252
588.9,2.322,216.96,-24.35,-35.44,-39.39,1358,554,1630,1246,2261
599.9,2.367,218.25,-24.98,-35.53,-39.5,1362,555,1635,1249,2268
610.9,2.411,219.53,-25.61,-35.61,-39.6,1365,555,1640,1252,2274
621.9,2.457,220.8,-26.23,-35.66,-39.68,1368,556,1642,1253,2279
627.7,2.48,221.47,-26.55,-35.68,-39.71,1369,556,1644,1254,2281
633.7,2.505,222.15,-26.89,-35.7,-39.73,1370,556,1645,1255,2283
645.7,2.555,223.52,-27.56,-35.72,-39.77,1370,557,1646,1255,2285
657.7,2.606,224.88,-28.23,-35.71,-39.79,1370,557,1645,1255,2286
669.7,2.656,226.23,-28.89,-35.68,-39.78,1369,556,1644,1254,2286
681.7,2.707,227.56,-29.55,-35.64,-39.75,1367,556,1641,1253,2284
693.7,2.759,228.89,-30.21,-35.57,-39.69,1364,555,1637,1250,2280
705.7,2.811,230.21,-30.86,-35.48,-39.62,1360,554,1632,1247,2276
717.7,2.863,231.53,-31.51,-35.37,-39.52,1355,553,1626,1243,2269
729.7,2.915,232.83,-32.15,-35.24,-39.41,1349,552,1619,1239,2262
741.7,2.968,234.12,-32.79,-35.09,-39.27,1342,550,1610,1233,2253
747.9,2.996,234.79,-33.13,-35.0,-39.19,1338,549,1605,1230,2248
751.9,3.014,235.22,-33.34,-34.94,-39.14,1336,549,1602,1228,2245
759.9,3.049,236.07,-33.76,-34.82,-39.02,1330,547,1595,1224,2237
767.9,3.085,236.92,-34.18,-34.69,-38.9,1325,546,1588,1220,2230
775.9,3.121,237.77,-34.6,-34.55,-38.77,1319,545,1581,1215,2222
783.9,3.157,238.61,-35.02,-34.41,-38.63,1313,543,1573,1210,2213
791.9,3.193,239.45,-35.44,-34.25,-38.48,1306,542,1564,1204,2203
799.9,3.23,240.28,-35.86,-34.09,-38.33,1299,540,1555,1199,2194
807.9,3.266,241.12,-36.27,-33.92,-38.16,1291,538,1546,1193,2184
815.9,3.303,241.94,-36.68,-33.74,-37.99,1284,536,1537,1187,2173
823.9,3.34,242.77,-37.09,-33.55,-37.81,1276,535,1526,1181,2162
828.1,3.359,243.2,-37.31,-33.45,-37.71,1271,534,1521,1178,2156
832.1,3.378,243.61,-37.51,-33.35,-37.61,1267,533,1516,1174,2150
840.1,3.415,244.43,-37.92,-33.15,-37.41,1259,531,1505,1168,2138
848.1,3.452,245.24,-38.33,-32.94,-37.21,1250,529,1494,1161,2125
856.1,3.49,246.06,-38.73,-32.72,-37.0,1241,526,1483,1154,2113
864.1,3.527,246.86,-39.14,-32.49,-36.78,1231,524,1471,1146,2099
872.1,3.565,247.67,-39.54,-32.26,-36.55,1222,522,1459,1139,2086
880.1,3.603,248.47,-39.94,-32.02,-36.31,1212,520,1447,1131,2072
888.1,3.641,249.27,-40.34,-31.77,-36.07,1202,518,1434,1124,2057
896.1,3.679,250.06,-40.73,-31.52,-35.82,1192,515,1421,1116,2043
904.1,3.717,250.85,-41.13,-31.26,-35.56,1182,513,1408,1108,2028
916.3,3.776,252.06,-41.73,-30.84,-35.15,1165,509,1387,1095,2004
912.3,3.757,251.66,-41.53,-30.98,-35.29,1171,510,1394,1099,2012
920.3,3.795,252.45,-41.93,-30.7,-35.02,1160,508,1380,1090,1996
928.3,3.834,253.23,-42.32,-30.42,-34.74,1149,505,1367,1082,1980
936.3,3.872,254.01,-42.71,-30.13,-34.45,1138,503,1353,1073,1964
944.3,3.911,254.79,-43.09,-29.84,-34.16,1127,500,1339,1065,1948
952.3,3.95,255.56,-43.48,-29.54,-33.86,1115,498,1324,1056,1931
960.3,3.99,256.33,-43.86,-29.23,-33.56,1104,495,1310,1047,1914
968.3,4.029,257.1,-44.25,-28.91,-33.24,1092,492,1295,1038,1897
976.3,4.068,257.86,-44.63,-28.59,-32.92,1080,490,1280,1029,1879
984.3,4.108,258.62,-45.01,-28.26,-32.6,1068,487,1265,1019,1862
988.5,4.129,259.02,-45.21,-28.09,-32.43,1062,485,1257,1015,1853
992.5,4.148,259.4,-45.4,-27.92,-32.26,1056,484,1249,1010,1844
1000.3,4.188,260.15,-45.78,-27.59,-31.93,1044,481,1235,1001,1826
1008.3,4.228,260.91,-46.15,-27.24,-31.59,1032,479,1219,992,1808
1016.3,4.268,261.66,-46.53,-26.89,-31.24,1020,476,1204,982,1790
1024.3,4.308,262.4,-46.9,-26.53,-30.88,1007,473,1188,973,1772
1032.3,4.349,263.15,-47.27,-26.17,-30.52,995,470,1173,963,1753
1040.3,4.389,263.89,-47.64,-25.8,-30.16,982,468,1157,954,1735
1048.3,4.43,264.63,-48.01,-25.43,-29.78,970,465,1142,944,1716
1056.3,4.47,265.36,-48.38,-25.05,-29.4,958,462,1126,935,1697
1064.3,4.511,266.09,-48.75,-24.66,-29.02,945,459,1110,925,1679
1068.3,4.533,266.48,-48.94,-24.47,-28.83,939,458,1103,921,1670
1072.3,4.553,266.84,-49.12,-24.27,-28.63,933,457,1094,916,1660
1080.3,4.594,267.57,-49.48,-23.87,-28.24,920,454,1079,906,1641
1088.3,4.635,268.3,-49.85,-23.47,-27.84,908,451,1063,897,1623
1096.3,4.676,269.02,-50.21,-23.06,-27.43,895,448,1047,888,1604
1104.3,4.718,269.74,-50.57,-22.65,-27.02,883,446,1032,878,1585
1112.3,4.759,270.45,-50.93,-22.24,-26.61,871,443,1016,869,1566
1120.3,4.801,271.17,-51.28,-21.81,-26.19,858,440,1001,860,1547
1128.3,4.842,271.88,-51.64,-21.39,-25.76,846,438,985,851,1528
1136.3,4.884,272.59,-51.99,-20.96,-25.34,834,435,970,842,1510
1144.3,4.926,273.3,-52.35,-20.52,-24.9,822,432,955,833,1491
1153.3,4.969,274.02,-52.71,-20.02,-24.41,808,430,937,822,1471
1153.3,4.969,274.02,-52.71,-20.02,-24.41,808,430,937,822,1471
1161.3,5.011,274.72,-53.06,-19.58,-23.96,796,427,923,814,1452
1169.3,5.053,275.42,-53.41,-19.13,-23.51,784,425,908,805,1434
1177.3,5.096,276.11,-53.75,-18.67,-23.06,772,422,893,796,1416
1185.3,5.138,276.81,-54.1,-18.21,-22.61,761,420,878,788,1398
1193.3,5.181,277.5,-54.45,-17.75,-22.14,749,417,864,779,1380
1201.3,5.223,278.19,-54.79,-17.28,-21.68,738,415,849,771,1362
1209.3,5.266,278.88,-55.14,-16.81,-21.21,726,413,835,763,1345
1217.3,5.309,279.56,-55.48,-16.33,-20.74,715,410,821,755,1328
1225.3,5.352,280.25,-55.82,-15.85,-20.26,704,408,807,747,1310
1229.3,5.375,280.61,-56.0,-15.61,-20.02,699,407,800,743,1302
1233.3,5.396,280.94,-56.17,-15.37,-19.78,693,406,793,739,1293
1241.3,5.439,281.62,-56.51,-14.88,-19.29,683,404,780,732,1276
1249.3,5.483,282.3,-56.84,-14.39,-18.8,672,402,767,724,1260
1257.3,5.526,282.97,-57.18,-13.89,-18.31,662,400,753,717,1244
1265.3,5.569,283.64,-57.52,-13.39,-17.81,651,398,741,710,1227
1273.3,5.613,284.31,-57.85,-12.89,-17.31,641,396,728,703,1212
1281.3,5.657,284.98,-58.18,-12.38,-16.81,631,394,716,696,1196
1289.3,5.7,285.64,-58.52,-11.87,-16.31,622,392,703,690,1181
1297.3,5.744,286.3,-58.85,-11.36,-15.8,612,390,692,683,1166
1305.3,5.788,286.96,-59.18,-10.85,-15.28,603,388,680,677,1151
1309.3,5.812,287.31,-59.35,-10.59,-15.02,599,388,674,674,1144
1313.3,5.834,287.64,-59.52,-10.33,-14.77,594,387,669,671,1137
1321.3,5.878,288.3,-59.85,-9.8,-14.25,585,385,657,665,1123
1329.3,5.922,288.95,-60.17,-9.28,-13.73,577,384,647,660,1109
1337.3,5.966,289.6,-60.5,-8.75,-13.2,568,382,636,654,1096
1345.3,6.011,290.25,-60.82,-8.21,-12.67,560,381,626,649,1083
1353.3,6.056,290.9,-61.15,-7.68,-12.14,552,379,616,644,1070
1361.3,6.1,291.55,-61.47,-7.14,-11.61,544,378,606,639,1057
1369.3,6.145,292.19,-61.8,-6.6,-11.07,537,377,597,635,1045
1377.3,6.19,292.83,-62.12,-6.06,-10.53,529,376,588,630,1034
1385.3,6.235,293.47,-62.44,-5.51,-9.99,522,375,579,626,1022
1389.3,6.259,293.81,-62.61,-5.24,-9.72,519,374,575,624,1017
1393.3,6.281,294.13,-62.77,-4.96,-9.45,516,374,570,622,1012
1401.3,6.326,294.76,-63.09,-4.41,-8.9,509,373,562,619,1001
1409.3,6.372,295.4,-63.41,-3.86,-8.35,503,372,554,615,991
1417.3,6.417,296.03,-63.72,-3.3,-7.8,497,371,547,612,981
1425.3,6.463,296.66,-64.04,-2.74,-7.25,491,371,540,609,972
1433.3,6.508,297.29,-64.36,-2.18,-6.69,486,370,533,607,963
1441.3,6.554,297.92,-64.67,-1.62,-6.13,480,369,526,604,955
1449.3,6.6,298.54,-64.99,-1.05,-5.57,475,369,520,602,947
1457.3,6.646,299.16,-65.3,-0.48,-5.01,471,368,514,600,939
1465.3,6.692,299.79,-65.61,0.09,-4.45,466,368,508,598,932
1469.3,6.716,300.11,-65.78,0.37,-4.17,464,368,506,598,929
1473.3,6.739,300.42,-65.93,0.66,-3.88,462,368,503,597,925
1481.3,6.785,301.04,-66.24,1.23,-3.31,458,368,498,596,919
1489.3,6.831,301.66,-66.55,1.81,-2.75,455,368,494,595,913
1497.3,6.878,302.27,-66.86,2.39,-2.18,451,368,490,594,908
1505.3,6.924,302.88,-67.17,2.96,-1.6,448,368,486,594,903
1513.3,6.971,303.5,-67.48,3.55,-1.03,445,368,482,594,899
1521.3,7.017,304.11,-67.79,4.13,-0.45,443,368,479,594,895
1529.3,7.064,304.71,-68.1,4.71,0.12,441,368,477,594,891
1537.3,7.111,305.32,-68.4,5.3,0.7,439,369,474,595,889
1545.3,7.158,305.93,-68.71,5.89,1.28,437,369,472,596,886
1550.3,7.183,306.24,-68.87,6.25,1.65,436,369,471,597,885
1554.3,7.206,306.54,-69.02,6.55,1.94,436,370,470,597,884
1562.3,7.254,307.15,-69.33,7.14,2.52,435,370,469,599,883
1570.3,7.301,307.75,-69.63,7.73,3.1,434,371,468,600,882
1578.3,7.348,308.35,-69.93,8.32,3.69,433,372,467,602,881
1586.3,7.396,308.94,-70.24,8.92,4.27,433,373,467,605,882
1594.3,7.443,309.54,-70.54,9.51,4.86,433,373,467,607,882
1602.3,7.491,310.13,-70.84,10.11,5.45,434,374,468,610,884
1610.3,7.539,310.73,-71.14,10.71,6.04,434,376,469,613,885
1618.3,7.587,311.32,-71.44,11.3,6.62,435,377,470,616,887
1626.3,7.635,311.91,-71.74,11.9,7.22,436,378,471,620,890
1630.3,7.66,312.22,-71.9,12.2,7.51,437,378,472,622,892
1634.3,7.684,312.51,-72.05,12.5,7.81,438,379,473,624,894
1642.3,7.732,313.1,-72.35,13.1,8.4,439,381,475,628,897
1650.3,7.781,313.69,-72.64,13.71,8.99,442,382,478,632,902
1658.3,7.829,314.27,-72.94,14.31,9.58,444,384,481,637,906
1666.3,7.877,314.85,-73.24,14.91,10.18,446,385,484,642,912
1674.3,7.926,315.44,-73.54,15.52,10.77,449,387,488,647,918
1682.3,7.975,316.02,-73.83,16.12,11.36,452,389,492,652,924
1690.3,8.024,316.6,-74.13,16.73,11.96,456,390,496,658,931
1698.3,8.072,317.17,-74.42,17.33,12.55,459,392,500,664,939
1706.3,8.122,317.75,-74.72,17.94,13.15,463,394,505,670,947
1710.3,8.147,318.05,-74.87,18.24,13.45,465,395,508,673,951
1714.3,8.172,318.34,-75.02,18.54,13.74,468,396,511,676,955
1722.3,8.221,318.92,-75.31,19.15,14.34,472,398,516,683,964
1730.3,8.27,319.49,-75.6,19.76,14.94,477,401,522,690,974
1738.3,8.32,320.06,-75.89,20.36,15.53,482,403,528,697,984
1746.3,8.369,320.63,-76.19,20.97,16.13,487,405,535,704,995
1754.3,8.419,321.2,-76.48,21.58,16.72,492,407,542,712,1006
1762.3,8.469,321.77,-76.77,22.18,17.32,498,410,549,720,1018
1770.3,8.519,322.34,-77.06,22.79,17.92,504,412,557,728,1030
1778.3,8.569,322.9,-77.35,23.4,18.51,510,415,564,736,1043
1786.3,8.619,323.47,-77.64,24.01,19.11,517,418,573,745,1057
1790.3,8.645,323.76,-77.79,24.31,19.41,520,419,577,749,1063
1794.3,8.67,324.04,-77.93,24.61,19.7,523,420,581,754,1070
1802.3,8.721,324.61,-78.22,25.22,20.3,530,423,590,763,1085
1810.3,8.771,325.17,-78.51,25.83,20.89,538,426,599,772,1100
1818.3,8.821,325.73,-78.8,26.43,21.49,545,429,608,781,1115
1826.3,8.872,326.29,-79.08,27.04,22.08,553,432,618,791,1131
1834.3,8.923,326.85,-79.37,27.64,22.67,561,435,627,801,1147
1842.3,8.974,327.4,-79.66,28.25,23.27,569,438,638,811,1165
1850.3,9.025,327.96,-79.94,28.85,23.86,577,441,648,821,1182
1858.3,9.076,328.51,-80.23,29.46,24.45,586,444,659,832,1200
1866.3,9.127,329.07,-80.51,30.06,25.04,594,448,670,843,1218
1870.3,9.154,329.36,-80.66,30.36,25.34,599,449,675,848,1228
1874.3,9.179,329.64,-80.8,30.66,25.63,603,451,681,854,1237
1882.3,9.231,330.19,-81.09,31.27,26.22,612,454,692,865,1257
1890.3,9.282,330.74,-81.37,31.87,26.81,622,458,704,876,1277
1898.3,9.334,331.29,-81.65,32.47,27.4,631,461,716,888,1298
1906.3,9.386,331.84,-81.93,33.07,27.99,641,465,728,899,1319
1914.3,9.437,332.38,-82.22,33.67,28.57,651,468,741,911,1340
1922.3,9.489,332.93,-82.5,34.27,29.16,661,472,754,924,1362
1930.3,9.541,333.48,-82.78,34.87,29.75,672,476,767,936,1385
1938.3,9.594,334.02,-83.06,35.46,30.33,682,479,780,948,1407
1946.3,9.646,334.57,-83.34,36.06,30.91,693,483,793,961,1431
1951.3,9.673,334.85,-83.49,36.43,31.28,699,485,801,969,1446
1955.3,9.7,335.12,-83.63,36.73,31.57,705,487,808,975,1458
1963.3,9.752,335.66,-83.91,37.32,32.15,716,491,822,988,1482
1971.3,9.805,336.21,-84.18,37.92,32.73,727,495,836,1002,1507
1979.3,9.857,336.75,-84.46,38.51,33.31,739,499,851,1015,1532
1987.3,9.91,337.29,-84.74,39.1,33.88,750,503,865,1028,1558
1995.3,9.963,337.82,-85.02,39.69,34.46,762,507,880,1042,1584
2003.3,10.02,338.36,-85.3,40.27,35.03,774,511,894,1056,1611
2011.3,10.07,338.9,-85.57,40.86,35.61,786,515,909,1070,1638
2019.3,10.12,339.43,-85.85,41.45,36.18,798,520,925,1084,1665
2027.3,10.18,339.97,-86.12,42.03,36.75,810,524,940,1098,1693
2031.3,10.2,340.25,-86.27,42.32,37.04,816,526,948,1105,1708
2035.3,10.23,340.52,-86.41,42.61,37.32,823,528,955,1113,1722
2043.3,10.28,341.05,-86.68,43.19,37.89,835,532,971,1127,1750
2051.3,10.34,341.58,-86.96,43.77,38.45,848,536,987,1142,1779
2059.3,10.39,342.11,-87.23,44.35,39.02,861,541,1003,1157,1809
2067.3,10.45,342.64,-87.5,44.93,39.58,874,545,1019,1172,1839
2075.3,10.5,343.17,-87.78,45.5,40.14,887,549,1035,1186,1869
2083.3,10.55,343.7,-88.05,46.08,40.71,900,554,1052,1202,1900
2091.3,10.61,344.23,-88.32,46.65,41.26,913,558,1069,1217,1931
2099.3,10.66,344.76,-88.59,47.22,41.82,927,563,1085,1232,1963
2107.3,10.72,345.28,-88.87,47.79,42.38,940,567,1102,1248,1995
2111.3,10.75,345.56,-89.01,48.07,42.65,947,570,1110,1256,2011
2115.3,10.77,345.82,-89.14,48.35,42.93,953,572,1119,1263,2027
2123.3,10.83,346.35,-89.41,48.92,43.48,967,576,1136,1279,2059
2131.3,10.88,346.87,-89.68,49.48,44.03,981,581,1153,1295,2092
2139.3,10.94,347.39,-89.95,50.04,44.58,995,585,1170,1311,2126
2147.3,10.99,347.92,-90.22,50.6,45.13,1009,590,1188,1327,2160
2155.3,11.05,348.44,-90.49,51.16,45.67,1023,595,1205,1343,2193
2163.3,11.1,348.96,-90.76,51.71,46.22,1037,599,1223,1359,2228
2171.3,11.16,349.48,-91.03,52.27,46.76,1051,604,1241,1375,2263
2179.3,11.21,350.0,-91.3,52.82,47.3,1065,609,1258,1391,2298
2187.3,11.27,350.52,-91.57,53.37,47.84,1080,613,1276,1408,2333
2191.3,11.3,350.79,-91.7,53.64,48.1,1087,616,1285,1416,2350
2195.3,11.33,351.05,-91.84,53.91,48.37,1094,618,1294,1424,2368
2203.3,11.38,351.56,-92.11,54.46,48.9,1108,623,1312,1441,2404
2211.3,11.44,352.08,-92.37,55.0,49.44,1123,627,1330,1457,2441
2219.3,11.49,352.6,-92.64,55.54,49.97,1137,632,1348,1474,2477
2227.3,11.55,353.11,-92.9,56.08,50.49,1152,637,1366,1490,2514
2235.3,11.61,353.62,-93.17,56.61,51.02,1166,642,1384,1507,2551
2243.3,11.66,354.14,-93.43,57.15,51.54,1181,646,1403,1524,2588
2251.3,11.72,354.65,-93.7,57.68,52.06,1196,651,1421,1540,2626
2259.3,11.78,355.16,-93.96,58.21,52.58,1211,656,1439,1557,2663
2267.3,11.83,355.67,-94.23,58.73,53.1,1225,661,1457,1574,2702
2271.3,11.86,355.94,-94.36,59.0,53.36,1233,663,1467,1583,2721
2276.3,11.89,356.19,-94.5,59.32,53.68,1242,666,1478,1593,2745
2284.3,11.95,356.7,-94.76,59.84,54.19,1256,671,1496,1610,2783
2292.3,12.01,357.21,-95.02,60.36,54.7,1271,676,1515,1627,2822
2300.3,12.06,357.72,-95.29,60.88,55.21,1286,680,1533,1644,2861
2308.3,12.12,358.23,-95.55,61.39,55.71,1301,685,1552,1661,2900
2316.3,12.18,358.73,-95.81,61.9,56.22,1316,690,1570,1678,2940
2324.3,12.23,359.24,-96.07,62.41,56.72,1331,695,1589,1695,2980
2332.3,12.29,359.74,-96.33,62.92,57.22,1346,699,1607,1712,3020
2340.3,12.35,360.24,-96.59,63.42,57.71,1360,704,1625,1729,3059
2348.3,12.41,360.75,-96.85,63.92,58.21,1375,709,1644,1746,3100
2352.3,12.44,361.01,-96.99,64.17,58.45,1383,711,1653,1754,3120
2356.3,12.47,361.26,-97.12,64.42,58.7,1390,714,1662,1763,3140
2364.3,12.52,361.76,-97.38,64.92,59.19,1405,718,1681,1780,3181
2372.3,12.58,362.27,-97.64,65.41,59.68,1420,723,1699,1797,3222
2380.3,12.64,362.77,-97.9,65.9,60.16,1434,728,1718,1814,3262
2388.3,12.7,363.27,-98.16,66.39,60.64,1449,733,1736,1831,3303
2396.3,12.76,363.76,-98.42,66.87,61.12,1464,737,1754,1848,3344
2404.3,12.82,364.26,-98.67,67.35,61.6,1479,742,1772,1865,3386
2412.3,12.87,364.76,-98.93,67.83,62.07,1493,747,1791,1882,3427
2420.3,12.93,365.26,-99.19,68.31,62.55,1508,751,1809,1899,3469
2428.3,12.99,365.75,-99.45,68.78,63.02,1523,756,1827,1915,3511
2432.3,13.02,366.01,-99.58,69.02,63.25,1530,758,1836,1924,3531
2436.3,13.05,366.26,-99.71,69.25,63.48,1537,761,1845,1932,3552
2444.3,13.11,366.76,-99.97,69.72,63.95,1552,765,1863,1949,3594
2452.3,13.17,367.25,-100.2,70.18,64.41,1566,770,1881,1966,3636
2460.3,13.23,367.74,-100.5,70.64,64.87,1581,775,1899,1982,3678
2468.3,13.29,368.23,-100.7,71.1,65.33,1595,779,1917,1999,3721
2476.3,13.35,368.73,-101.0,71.56,65.78,1610,784,1935,2016,3763
2484.3,13.41,369.22,-101.3,72.01,66.24,1624,788,1952,2032,3806
2492.3,13.47,369.71,-101.5,72.46,66.69,1638,793,1970,2049,3848
2500.3,13.53,370.19,-101.8,72.9,67.13,1652,797,1988,2065,3890
2508.3,13.59,370.68,-102.0,73.35,67.58,1666,802,2005,2082,3933
2512.3,13.62,370.94,-102.2,73.57,67.8,1673,804,2014,2090,3954
2516.3,13.65,371.18,-102.3,73.79,68.02,1681,806,2023,2098,3975
2524.3,13.71,371.67,-102.5,74.22,68.46,1694,811,2040,2114,4018
2532.3,13.77,372.16,-102.8,74.66,68.89,1709,815,2057,2131,4060
2540.3,13.83,372.64,-103.0,75.09,69.33,1722,820,2075,2147,4103
2548.3,13.89,373.13,-103.3,75.51,69.76,1736,824,2091,2163,4146
2556.3,13.95,373.65,-103.6,75.94,70.19,1750,828,2109,2179,4189
2564.3,14.01,374.05,-103.8,76.36,70.61,1764,833,2125,2195,4231
2572.3,14.07,374.55,-104.1,76.77,71.04,1777,837,2142,2211,4274
2580.3,14.13,375.05,-104.3,77.19,71.46,1791,841,2159,2227,4317
2588.3,14.19,375.55,-104.6,77.6,71.88,1804,845,2176,2242,4360
2592.3,14.22,375.75,-104.7,77.8,72.09,1811,847,2184,2250,4382
2596.3,14.25,376.05,-104.8,78.01,72.29,1817,850,2192,2258,4402
2604.3,14.31,376.55,-105.1,78.41,72.71,1831,854,2208,2273,4446
2612.3,14.37,376.95,-105.3,78.81,73.12,1844,858,2225,2289,4489
2620.3,14.43,377.45,-105.6,79.21,73.52,1857,862,2241,2304,4530
2628.3,14.5,377.95,-105.8,79.6,73.93,1870,866,2257,2320,4574
2636.3,14.56,378.45,-106.1,79.99,74.33,1883,870,2273,2335,4616
2644.3,14.62,378.85,-106.3,80.38,74.73,1896,874,2289,2350,4659
2652.3,14.68,379.35,-106.6,80.76,75.13,1908,878,2304,2365,4702
2660.3,14.74,379.85,-106.9,81.14,75.52,1921,882,2320,2380,4744
2668.3,14.8,380.35,-107.1,81.52,75.91,1933,886,2335,2395,4786
2673.3,14.83,380.55,-107.2,81.75,76.16,1941,889,2345,2404,4813
2677.3,14.86,380.85,-107.4,81.94,76.35,1947,891,2353,2411,4834
2685.3,14.93,381.25,-107.6,82.31,76.74,1960,895,2368,2426,4877
2693.3,14.99,381.75,-107.9,82.67,77.12,1972,898,2383,2440,4919
2701.3,15.05,382.25,-108.1,83.04,77.5,1984,902,2398,2455,4961
2709.3,15.11,382.65,-108.4,83.4,77.88,1996,906,2413,2469,5003
2717.3,15.17,383.15,-108.6,83.75,78.25,2008,910,2427,2483,5045
2725.3,15.23,383.65,-108.9,84.1,78.62,2020,914,2442,2497,5086
2733.3,15.3,384.15,-109.1,84.45,78.99,2031,917,2456,2511,5128
2741.3,15.36,384.55,-109.4,84.8,79.36,2043,921,2471,2525,5170
2749.3,15.42,385.05,-109.6,85.14,79.73,2055,925,2485,2539,5213
2753.3,15.45,385.25,-109.8,85.31,79.91,2060,926,2492,2545,5233
2757.3,15.48,385.55,-109.9,85.48,80.09,2066,928,2499,2552,5254
2765.3,15.55,385.95,-110.1,85.81,80.45,2077,932,2513,2565,5295
2773.3,15.61,386.45,-110.4,86.14,80.8,2088,935,2527,2579,5336
2781.3,15.67,386.95,-110.6,86.47,81.16,2100,939,2540,2592,5378
2789.3,15.73,387.35,-110.9,86.79,81.51,2110,942,2554,2605,5419
2797.3,15.8,387.85,-111.1,87.11,81.86,2121,946,2567,2618,5460
2805.3,15.86,388.25,-111.4,87.43,82.2,2132,949,2580,2631,5500
2813.3,15.92,388.75,-111.6,87.74,82.55,2142,952,2593,2644,5542
2821.3,15.98,389.25,-111.9,88.05,82.89,2153,956,2606,2656,5582
2829.3,16.05,389.65,-112.1,88.35,83.23,2163,959,2619,2669,5623
2833.3,16.08,389.95,-112.3,88.5,83.39,2168,960,2625,2675,5642
2837.3,16.11,390.15,-112.4,88.65,83.56,2173,962,2631,2681,5663
2845.3,16.18,390.65,-112.7,88.95,83.89,2183,965,2644,2693,5703
2853.3,16.24,391.05,-112.9,89.25,84.22,2194,968,2656,2705,5743
2861.3,16.3,391.55,-113.2,89.54,84.55,2204,972,2668,2717,5783
2869.3,16.36,391.95,-113.4,89.82,84.88,2213,975,2680,2729,5823
2877.3,16.43,392.45,-113.7,90.11,85.2,2223,978,2692,2741,5862
2885.3,16.49,392.85,-113.9,90.39,85.52,2232,981,2704,2752,5902
2893.3,16.55,393.35,-114.2,90.66,85.84,2242,984,2715,2763,5941
2901.3,16.62,393.75,-114.4,90.93,86.15,2251,987,2726,2774,5980
2909.3,16.68,394.25,-114.7,91.2,86.47,2260,989,2738,2786,6020
2913.3,16.71,394.45,-114.8,91.33,86.62,2264,991,2743,2791,6038
2917.3,16.75,394.75,-114.9,91.47,86.78,2269,992,2749,2797,6059
2925.3,16.81,395.15,-115.2,91.73,87.08,2278,995,2760,2808,6096
2933.3,16.87,395.65,-115.4,91.98,87.39,2287,998,2770,2818,6135
2941.3,16.94,396.05,-115.7,92.24,87.69,2295,1001,2781,2829,6173
2949.3,17.0,396.55,-115.9,92.49,87.99,2304,1003,2792,2839,6211
2957.3,17.06,396.95,-116.2,92.73,88.29,2312,1006,2802,2849,6250
2965.3,17.13,397.45,-116.4,92.98,88.59,2321,1009,2812,2860,6288
2973.3,17.19,397.85,-116.7,93.21,88.88,2328,1011,2822,2869,6325
2981.3,17.26,398.35,-116.9,93.45,89.17,2337,1014,2832,2879,6363
2989.3,17.32,398.75,-117.2,93.68,89.46,2344,1016,2842,2889,6400
2993.3,17.35,398.95,-117.3,93.79,89.6,2348,1017,2846,2893,6418
2997.3,17.39,399.25,-117.4,93.91,89.74,2352,1019,2851,2898,6436
3005.3,17.45,399.65,-117.7,94.13,90.03,2360,1021,2860,2908,6474
3013.3,17.51,400.05,-117.9,94.35,90.31,2367,1023,2870,2917,6511
3021.3,17.58,400.55,-118.2,94.57,90.59,2375,1026,2879,2926,6547
3029.3,17.64,400.95,-118.4,94.78,90.86,2382,1028,2888,2935,6583
3037.3,17.71,401.45,-118.7,94.99,91.14,2389,1030,2896,2944,6620
3045.3,17.77,401.85,-118.9,95.19,91.41,2396,1032,2905,2952,6656
3053.3,17.84,402.35,-119.2,95.39,91.68,2403,1034,2913,2960,6691
3061.3,17.9,402.75,-119.4,95.59,91.95,2410,1037,2921,2969,6727
3069.3,17.97,403.15,-119.7,95.78,92.21,2416,1039,2929,2977,6762
3074.3,18.0,403.45,-119.8,95.9,92.38,2420,1040,2934,2982,6785
3078.3,18.03,403.65,-119.9,96.0,92.51,2424,1041,2939,2986,6802
3086.3,18.1,404.05,-120.2,96.18,92.77,2430,1043,2946,2994,6837
3094.3,18.16,404.55,-120.4,96.37,93.03,2436,1045,2954,3002,6872
3102.3,18.23,404.95,-120.7,96.54,93.29,2442,1047,2961,3009,6907
3110.3,18.29,405.35,-120.9,96.72,93.54,2448,1049,2969,3016,6941
3118.3,18.36,405.85,-121.2,96.89,93.79,2454,1051,2976,3024,6975
3126.3,18.42,406.25,-121.4,97.06,94.05,2460,1052,2983,3031,7011
3134.3,18.49,406.65,-121.7,97.22,94.29,2465,1054,2989,3037,7044
3142.3,18.55,407.15,-121.9,97.38,94.54,2471,1056,2996,3044,7078
3150.3,18.62,407.55,-122.2,97.54,94.79,2476,1058,3003,3051,7112
3154.3,18.65,407.75,-122.3,97.61,94.91,2478,1058,3006,3054,7129
3158.3,18.69,408.05,-122.4,97.69,95.03,2481,1059,3009,3057,7145
3166.3,18.75,408.45,-122.7,97.84,95.27,2486,1061,3015,3064,7178
3174.3,18.82,408.85,-122.9,97.98,95.51,2491,1062,3021,3070,7212
3182.3,18.88,409.35,-123.2,98.12,95.74,2496,1064,3027,3076,7244
3190.3,18.95,409.75,-123.4,98.26,95.98,2501,1065,3033,3082,7277
3198.3,19.01,410.15,-123.6,98.39,96.21,2505,1067,3038,3087,7309
3206.3,19.08,410.55,-123.9,98.52,96.44,2509,1068,3044,3093,7341
3214.3,19.15,411.05,-124.1,98.65,96.67,2514,1070,3049,3098,7374
3222.3,19.21,411.45,-124.4,98.77,96.9,2518,1071,3054,3103,7406
3230.3,19.28,411.85,-124.6,98.89,97.13,2522,1072,3059,3108,7439
3234.3,19.31,412.15,-124.8,98.95,97.24,2524,1073,3062,3111,7454
3238.3,19.35,412.35,-124.9,99.01,97.35,2526,1073,3064,3113,7470
3246.3,19.41,412.75,-125.1,99.12,97.58,2530,1075,3069,3118,7502
3254.3,19.48,413.15,-125.4,99.23,97.8,2533,1076,3073,3123,7534
3262.3,19.55,413.65,-125.6,99.33,98.02,2537,1077,3077,3127,7565
3270.3,19.61,414.05,-125.9,99.44,98.24,2541,1078,3082,3132,7596
3278.3,19.68,414.45,-126.1,99.53,98.45,2544,1079,3086,3135,7626
3286.3,19.74,414.85,-126.4,99.63,98.67,2547,1080,3090,3140,7658
3294.3,19.81,415.35,-126.6,99.72,98.88,2550,1081,3094,3144,7688
3302.3,19.88,415.75,-126.9,99.81,99.09,2553,1082,3097,3147,7718
3310.3,19.95,416.15,-127.1,99.89,99.3,2556,1083,3101,3151,7749
3314.3,19.98,416.35,-127.2,99.93,99.41,2557,1083,3102,3153,7765
3318.3,20.01,416.55,-127.4,99.97,99.51,2559,1084,3104,3154,7779
3326.3,20.08,417.05,-127.6,100.05,99.72,2561,1085,3107,3158,7810
3334.3,20.15,417.45,-127.9,100.12,99.93,2564,1085,3110,3161,7840
3342.3,20.22,417.85,-128.1,100.19,100.13,2566,1086,3113,3164,7869
3350.3,20.28,418.25,-128.4,100.26,100.34,2568,1087,3116,3167,7900
3358.3,20.35,418.75,-128.6,100.32,100.54,2571,1088,3119,3169,7929
3366.3,20.42,419.15,-128.9,100.38,100.74,2573,1088,3121,3172,7959
3374.3,20.48,419.55,-129.1,100.43,100.94,2574,1089,3123,3174,7988
3382.3,20.55,419.95,-129.4,100.49,101.14,2576,1089,3126,3176,8018
3390.3,20.62,420.35,-129.6,100.53,101.34,2578,1090,3127,3178,8047
3394.3,20.66,420.65,-129.7,100.56,101.44,2579,1090,3129,3179,8062
3398.3,20.69,420.85,-129.9,100.58,101.54,2579,1090,3129,3180,8077
3406.3,20.76,421.25,-130.1,100.62,101.74,2581,1091,3131,3182,8106
3414.3,20.83,421.65,-130.4,100.66,101.93,2582,1091,3133,3184,8135
3422.3,20.89,422.05,-130.6,100.7,102.13,2583,1092,3134,3185,8164
3430.3,20.96,422.55,-130.9,100.73,102.32,2584,1092,3136,3187,8193
3438.3,21.03,422.95,-131.2,100.76,102.51,2585,1092,3137,3188,8221
3446.3,21.1,423.35,-131.4,100.78,102.71,2586,1092,3138,3189,8251
3454.3,21.17,423.75,-131.7,100.81,102.9,2587,1093,3139,3190,8280
3462.3,21.24,424.15,-131.9,100.82,103.09,2587,1093,3139,3191,8308
3470.3,21.3,424.65,-132.2,100.84,103.28,2588,1093,3140,3191,8337
3475.3,21.34,424.85,-132.3,100.85,103.4,2589,1093,3141,3192,8355
3479.3,21.38,425.05,-132.5,100.85,103.49,2589,1093,3141,3192,8368
