TIME (SECONDS),PRESSURE (BARS),5.8 DEGREES,16 DEGREES,40 DEGREES,70 DEGREES,178 DEGREES
-2.6,0.3981,3.353075170842825,6.070460704607046,6.345991561181434,7.314285714285714,-25.54421768707483
0.4,0.4058,2.109090909090909,3.130434782608696,3.361344537815126,3.663299663299663,-35.98639455782313
3.4,0.4136,0.9049773755656108,0.6956521739130435,1.2384937238493725,1.1043771043771045,27.90011350737798
6.4,0.4214,0.8288288288288288,0.5760869565217391,1.1333333333333333,0.9966329966329966,29.024943310657598
9.4,0.4292,0.9348314606741572,0.782608695652174,0.9294605809128632,0.7811447811447811,12.482993197278912
12.4,0.437,0.9664429530201344,0.7391304347826086,0.3298969072164948,0.202020202020202,1.232163080407701
15.4,0.4449,0.7839643652561247,0.6086956521739131,0.3203285420944558,0.1952861952861952,0.9773755656108597
18.4,0.4527,0.7079646017699115,0.5652173913043478,0.3183673469387755,0.1885521885521885,0.903954802259887
21.4,0.4606,0.7400881057268722,0.5869565217391305,0.2920892494929006,0.1747899159663865,0.9390519187358917
24.4,0.4685,0.7017543859649122,0.5434782608695652,0.2983870967741935,0.1747899159663865,0.8468468468468469
28.0,0.478,0.6623093681917211,0.5434782608695652,0.288,0.1677852348993288,0.7730337078651686
32.0,0.4886,0.6565874730021598,0.5217391304347826,0.2619047619047619,0.1742043551088777,0.7516778523489933
36.0,0.4992,0.5481798715203426,0.4456521739130434,0.2593320235756385,0.1669449081803005,0.5172798216276477
40.0,0.5098,0.5180467091295117,0.4456521739130434,0.2723735408560311,0.1666666666666666,0.4439511653718091
44.0,0.5204,0.5221052631578947,0.4336043360433604,0.2774566473988439,0.1661129568106312,0.45916114790286977
48.0,0.5311,0.6012526096033403,0.4878048780487805,0.2819047619047619,0.1721854304635761,0.6498353457738749
52.0,0.5417,0.5289256198347108,0.4432432432432432,0.263653483992467,0.165016501650165,0.4890829694323144
56.0,0.5525,0.556237218813906,0.4540540540540541,0.2681564245810056,0.1710526315789473,0.5206073752711496
60.0,0.5632,0.6477732793522267,0.4959568733153638,0.2799263351749539,0.1833060556464811,0.6724137931034483
64.0,0.574,0.6092184368737475,0.4946236559139785,0.2768670309653916,0.1892332789559543,0.5310492505353319
68.7,0.5865,0.601980198019802,0.5053763440860215,0.2728904847396768,0.1750405186385737,0.49256900212314225
73.7,0.6001,0.5625,0.5254691689008043,0.2756183745583039,0.1806451612903225,0.38696109358569925
78.7,0.6137,0.5240847784200385,0.5561497326203209,0.271304347826087,0.1858974358974359,0.3
83.7,0.6273,0.5171102661596958,0.576,0.2808219178082192,0.1844197138314785,0.2639175257731959
88.7,0.641,0.5692883895131086,0.6153846153846154,0.2765598650927487,0.1895734597156398,0.29357798165137616
93.7,0.6547,0.5608856088560885,0.6243386243386243,0.2852404643449419,0.1755485893416928,0.27419354838709675
98.7,0.6685,0.5818181818181818,0.6754617414248021,0.2805872756933116,0.1928460342146189,0.25523429710867396
103.7,0.6824,0.6021505376344086,0.6719160104986877,0.282051282051282,0.1975308641975308,0.26798029556650244
108.7,0.6963,0.5925925925925926,0.6701570680628273,0.2839116719242902,0.2021439509954058,0.249269717624148
113.7,0.7102,0.6121739130434782,0.6684073107049608,0.2728682170542635,0.1881638846737481,0.24639076034648702
119.3,0.726,0.6564102564102564,0.7064935064935065,0.2796352583586626,0.2045112781954887,0.2884250474383302
125.3,0.7429,0.7248322147651006,0.7441860465116279,0.2742175856929955,0.1904761904761904,0.31401869158878504
131.3,0.7598,0.7116968698517299,0.7403598971722365,0.2744525547445255,0.188235294117647,0.3683241252302026
137.3,0.7769,0.7237479806138933,0.7365728900255755,0.2861230329041488,0.1921397379912663,0.3916591115140526
143.3,0.794,0.8634920634920635,0.8142493638676844,0.2745098039215686,0.1899280575539568,0.3853702051739518
149.3,0.8111,0.7975077881619937,0.7272727272727273,0.2633744855967078,0.1877667140825035,0.421792618629174
155.3,0.8284,0.7828746177370031,0.7236180904522613,0.2584118438761776,0.1856540084388185,0.4290657439446367
161.3,0.8457,0.7687687687687688,0.72,0.2582345191040843,0.1722222222222222,0.46337308347529815
167.3,0.8632,0.8023598820058997,0.7543424317617866,0.2532299741602067,0.1703296703296703,0.4559932942162615
173.3,0.8807,0.8115942028985508,0.7506172839506173,0.2534854245880862,0.1628222523744912,0.5016501650165016
180.0,0.9003,0.7954545454545454,0.7450980392156863,0.2478314745972738,0.1606425702811245,0.4931062449310625
187.0,0.9209,0.7566063977746871,0.7007299270072993,0.2375757575757575,0.1638044914134742,0.4840764331210191
194.0,0.9417,0.7629427792915532,0.6570048309178744,0.2417061611374407,0.1510416666666666,0.4628616106333073
201.0,0.9625,0.7700534759358288,0.6906474820143885,0.2317497103128621,0.1386392811296534,0.5038402457757296
208.0,0.9835,0.837696335078534,0.7238095238095238,0.2312925170068027,0.1265822784810126,0.5675471698113208
215.0,1.005,0.7804878048780488,0.7186761229314421,0.2175360710321864,0.1198501872659176,0.5218680504077094
222.0,1.026,1.0881612090680102,0.97423887587822,0.2391304347826087,0.1182266009852216,0.7463556851311953
229.0,1.047,1.1866501854140914,1.041860465116279,0.2385516506922257,0.1069258809234507,0.8252148997134671
236.0,1.069,1.2427184466019416,1.071593533487298,0.2296450939457202,0.0958083832335329,0.9020436927413672
243.0,1.09,1.296781883194279,1.0275229357798166,0.2292732855680655,0.0945626477541371,0.9757449757449758
250.7,1.114,1.2710280373831775,0.9454545454545454,0.2164328657314629,0.0885780885780885,0.9149081007488087
258.7,1.139,1.17162471395881,0.972972972972973,0.2156862745098039,0.073394495412844,0.8977955911823647
266.7,1.164,1.4365881032547698,1.1812080536912752,0.2226487523992322,0.0723163841807909,1.0498687664041995
274.7,1.19,1.6916299559471366,1.5254988913525498,0.2142857142857142,0.05456570155902,1.1966473243068987
282.7,1.215,1.798918918918919,1.6175824175824176,0.2359447004608295,0.0615384615384615,1.5421686746987953
290.7,1.241,1.8324496288441143,1.5337690631808278,0.2457091237579042,0.0520043336944745,1.5162094763092269
298.7,1.267,1.6016684045881129,1.58963282937365,0.2127659574468085,0.0448717948717948,1.2164316370324955
306.7,1.293,0.9016393442622952,1.098712446351931,0.1705831157528285,0.0442571127502634,0.5890162945081473
314.7,1.319,0.5478348439073515,0.851063829787234,0.1641025641025641,0.0374220374220374,0.38027332144979203
322.7,1.345,0.2021803766105054,0.270042194092827,0.1242653232577665,0.0359342915811088,0.0936768149882904
331.4,1.374,0.2025316455696202,0.2594142259414226,0.1220115416323165,0.0323886639676113,0.10368663594470046
340.4,1.404,0.2181818181818181,0.2821576763485477,0.116504854368932,0.030938123752495,0.15419501133786848
349.4,1.434,0.199623352165725,0.2551440329218107,0.1176470588235294,0.0325123152709359,0.12060301507537688
358.4,1.465,0.2001853568118628,0.261758691206544,0.1094605160281469,0.0408560311284046,0.1342134213421342
367.4,1.496,0.2043795620437956,0.2920892494929006,0.1107692307692307,0.0326609029779058,0.14742547425474256
376.4,1.527,0.2048517520215633,0.3138832997987927,0.1180923542770628,0.0341555977229601,0.17103153393907003
385.4,1.558,0.1842338352524357,0.2954091816367265,0.1132637853949329,0.0346766635426429,0.14345991561181434
394.4,1.589,0.1746724890829694,0.2698412698412698,0.1146216017634092,0.0305838739573679,0.12291666666666666
403.4,1.621,0.193103448275862,0.2677165354330709,0.1072463768115942,0.0357798165137614,0.10082304526748971
412.4,1.653,0.5582978723404255,0.4070450097847358,0.1258041458184417,0.0381125226860254,0.27656329435688864
422.2,1.687,0.215126050420168,0.287378640776699,0.1127554615926709,0.0430879712746858,0.18473895582329317
432.2,1.723,0.1991701244813278,0.2625482625482625,0.1112656467315716,0.041740674955595,0.15873015873015872
442.2,1.759,0.1934426229508196,0.2681992337164751,0.1126373626373626,0.0448548812664907,0.14909269249632173
452.2,1.796,0.1977309562398703,0.2666666666666666,0.1112618724559023,0.0478677110530896,0.13973799126637554
462.2,1.833,0.2019230769230769,0.2651515151515151,0.1153588195841717,0.0552200172562553,0.14601344860710855
472.2,1.87,0.1966693100713719,0.2711864406779661,0.1167883211678832,0.058169375534645,0.1598477640342531
482.2,1.907,0.1981132075471698,0.2696629213483146,0.1208935611038107,0.0611205432937181,0.15080113100848255
492.2,1.944,0.1993769470404984,0.2761194029850746,0.1223162003903708,0.067396798652064,0.14953271028037382
502.2,1.982,0.1978361669242658,0.2820037105751391,0.1212903225806451,0.0802675585284281,0.14093648585999072
512.2,2.02,0.193103448275862,0.2809611829944547,0.1228406909788867,0.0764119601328903,0.1325356649792913
522.9,2.062,0.1885931558935361,0.2794117647058823,0.1269035532994923,0.0825082508250825,0.11329374143444496
533.9,2.104,0.1812688821752265,0.271062271062271,0.1260239445494644,0.0853158326497128,0.09800362976406533
544.9,2.147,0.1920480120030007,0.2773722627737226,0.130162703379224,0.0913539967373572,0.10099188458070334
555.9,2.19,0.191044776119403,0.2909090909090909,0.1293532338308457,0.0941558441558441,0.11121076233183856
566.9,2.234,0.1900519673348181,0.2831215970961887,0.1212871287128712,0.0937752627324171,0.11239964317573595
577.9,2.278,0.1892091648189209,0.2893309222423146,0.1231527093596059,0.0998389694041868,0.09591474245115453
588.9,2.322,0.1885125184094256,0.2888086642599278,0.1276073619631902,0.102728731942215,0.08845643520566121
599.9,2.367,0.1879588839941262,0.2882882882882883,0.1296636085626911,0.1024819855884707,0.09523809523809523
610.9,2.411,0.1875457875457875,0.2954954954954955,0.1317073170731707,0.1118210862619808,0.09498680738786279
621.9,2.457,0.1988304093567251,0.302158273381295,0.1339829476248477,0.1181165203511572,0.09828872312417727
633.7,2.505,0.1985401459854014,0.3093525179856115,0.1337386018237082,0.1179282868525896,0.10687691633815155
645.7,2.555,0.1985401459854014,0.3159784560143626,0.1433778857837181,0.1243027888446215,0.12603938730853392
657.7,2.606,0.2102189781021897,0.3231597845601436,0.1410334346504559,0.1338645418326693,0.13298337707786526
669.7,2.656,0.210372534696859,0.3237410071942446,0.1484184914841849,0.1339712918660287,0.12598425196850394
681.7,2.707,0.2106803218727139,0.3309352517985611,0.1438147471054235,0.1372705506783719,0.14711033274956217
693.7,2.759,0.2228739002932551,0.3459459459459459,0.1441661576053756,0.1408,0.1543859649122807
705.7,2.811,0.2235294117647059,0.3465703971119133,0.1495098039215686,0.144346431435445,0.1546572934973638
717.7,2.863,0.2243542435424354,0.3544303797468354,0.1500615006150061,0.1480289621882542,0.15513442044953724
729.7,2.915,0.2253521126760563,0.3623188405797101,0.150710315009265,0.1581920903954802,0.15561450044208666
741.7,2.968,0.2265275707898658,0.3636363636363636,0.1515527950310559,0.1557177615571776,0.14913448735019974
751.9,3.014,0.2395209580838323,0.3715846994535519,0.1548064918851435,0.1563517915309446,0.15679287305122494
759.9,3.049,0.2406015037593984,0.3656307129798903,0.1554858934169279,0.1568627450980392,0.15735359856951275
767.9,3.085,0.2415094339622641,0.3809523809523809,0.1561712846347607,0.160655737704918,0.15067264573991032
775.9,3.121,0.2426080363912054,0.3743119266055046,0.1619228336495888,0.1580246913580247,0.14401440144014402
783.9,3.157,0.2559025133282559,0.3830570902394107,0.1525746980292434,0.1652892561983471,0.14460009037505647
791.9,3.193,0.2450229709035222,0.3837638376383764,0.1585677749360614,0.1627906976744186,0.14525646845211077
799.9,3.23,0.2340261739799846,0.3851851851851852,0.1569131832797427,0.1668056713928273,0.14585232452142205
807.9,3.266,0.2478698683191324,0.3866171003717472,0.1604139715394566,0.1676445934618608,0.15384615384615385
815.9,3.303,0.2616822429906542,0.4029850746268656,0.1587508132726089,0.16849199663016,0.1693511274735389
823.9,3.34,0.2507836990595611,0.4037383177570093,0.1598951507208388,0.1625740897544453,0.1702127659574468
832.1,3.378,0.2525651144435675,0.3977485928705441,0.1635883905013192,0.1669505962521294,0.17116279069767443
840.1,3.415,0.2541699761715647,0.4067796610169492,0.1647840531561462,0.1678082191780822,0.17212347988774557
848.1,3.452,0.256,0.4007561436672968,0.1633199464524765,0.1722652885443583,0.1731764705882353
856.1,3.49,0.257856567284448,0.403041825095057,0.1618341200269723,0.169844020797227,0.1665877898722196
864.1,3.527,0.2599512591389114,0.3893129770992366,0.1631543167912984,0.1675392670157068,0.13720819437827536
872.1,3.565,0.2225859247135843,0.3754789272030651,0.161754626456477,0.1685689201053555,0.09587727708533078
880.1,3.603,0.2244224422442244,0.3769230769230769,0.165860400829302,0.1732979664014146,0.0888030888030888
888.1,3.641,0.2262895174708818,0.3783783783783784,0.1645746164574616,0.1708185053380783,0.10695187165775401
896.1,3.679,0.2416107382550335,0.3961165048543689,0.1717100633356791,0.1792114695340501,0.12530592266275087
904.1,3.717,0.2436548223350254,0.3898635477582846,0.1761363636363636,0.1732851985559566,0.126232741617357
912.3,3.757,0.2459436379163108,0.392156862745098,0.1664275466284074,0.1783439490445859,0.11332007952286283
920.3,3.795,0.2482758620689655,0.3937007874015748,0.1768115942028985,0.1798165137614679,0.11022044088176353
928.3,3.834,0.2506527415143603,0.403960396039604,0.1814191660570592,0.188539741219963,0.10909090909090909
936.3,3.872,0.2530755711775044,0.3976143141153082,0.1832963784183296,0.190121155638397,0.11405295315682282
944.3,3.911,0.2555456965394853,0.4,0.1882001493651979,0.1915492957746478,0.1026694045174538
952.3,3.95,0.2582959641255605,0.393574297188755,0.1873111782477341,0.1893939393939394,0.09321595028482652
960.3,3.99,0.2608695652173913,0.3959595959595959,0.1893129770992366,0.1986628462273161,0.09404388714733543
968.3,4.029,0.2637362637362637,0.3902439024390244,0.1915057915057915,0.1926782273603083,0.10121244069583553
976.3,4.068,0.2666666666666666,0.3918367346938775,0.196875,0.1982507288629737,0.09366684406599254
984.3,4.108,0.2696629213483146,0.3860369609856263,0.1928853754940711,0.2001962708537782,0.09452201933404941
992.5,4.148,0.2575757575757575,0.3801652892561983,0.1953562850280224,0.198019801980198,0.08676789587852494
1000.3,4.188,0.2605363984674329,0.3742203742203742,0.1975708502024291,0.1998001998001998,0.0832420591456736
1008.3,4.228,0.2635658914728682,0.3674321503131524,0.2001640689089417,0.1975806451612903,0.08185840707964602
1016.3,4.268,0.2666666666666666,0.361344537815126,0.1993355481727574,0.1995926680244399,0.08268156424581005
1024.3,4.308,0.2542204568023833,0.3720930232558139,0.202020202020202,0.197327852004111,0.08126410835214447
1032.3,4.349,0.2733668341708543,0.3744680851063829,0.2046035805626598,0.1993769470404984,0.07986309184255562
1040.3,4.389,0.2769857433808554,0.3675213675213675,0.2074330164217804,0.1970649895178197,0.0760806916426513
1048.3,4.43,0.2639175257731959,0.3612903225806451,0.2066549912434325,0.1991525423728813,0.07226107226107226
1056.3,4.47,0.267223382045929,0.3636363636363636,0.2060390763765541,0.1967914438502673,0.07778432527990571
1064.3,4.511,0.2708994708994709,0.3660130718954248,0.2162162162162162,0.1989189189189189,0.08814770696843359
1072.3,4.553,0.2915326902465166,0.3676148796498906,0.2193784277879341,0.2052401746724891,0.08433734939759036
1080.3,4.594,0.2782608695652174,0.3788546255506608,0.2187210379981464,0.2030905077262693,0.08531383302864107
1088.3,4.635,0.2995594713656387,0.3813747228381374,0.2220131702728127,0.1962095875139353,0.08872458410351201
1096.3,4.676,0.2860335195530726,0.375,0.2254059216809933,0.2072072072072072,0.09226932668329177
1104.3,4.718,0.289920724801812,0.3766816143497757,0.2248062015503876,0.20501138952164,0.09842271293375394
1112.3,4.759,0.2939150401836969,0.3611738148984199,0.2125984251968504,0.1887226697353279,0.10472541507024266
1120.3,4.801,0.2983682983682983,0.3636363636363636,0.2197802197802197,0.1906976744186046,0.10084033613445378
1128.3,4.842,0.2978723404255319,0.365296803652968,0.2192893401015228,0.1833137485311398,0.10732984293193717
1136.3,4.884,0.3069544364508393,0.3586206896551724,0.2350515463917525,0.2042755344418052,0.10066225165562914
1144.3,4.926,0.3114355231143552,0.3703703703703703,0.2387434554973822,0.2016806722689075,0.09389671361502347
1153.3,4.969,0.3118811881188119,0.3720930232558139,0.2433297758804695,0.2043795620437956,0.09517335146159075
1161.3,5.011,0.3115577889447236,0.3559718969555035,0.2296858071505959,0.1916461916461916,0.09917355371900827
1169.3,5.053,0.3112244897959184,0.348235294117647,0.2290748898678414,0.1888198757763975,0.10320781032078104
1177.3,5.096,0.3212435233160621,0.3412322274881517,0.2284434490481523,0.1909547738693467,0.11016949152542373
1185.3,5.138,0.304862023653088,0.3428571428571428,0.2369020501138952,0.1878172588832487,0.11158798283261803
1193.3,5.181,0.3044058744993324,0.3357314148681055,0.2453703703703703,0.1848523748395378,0.11884057971014493
1201.3,5.223,0.3197831978319783,0.3469879518072289,0.2402826855123674,0.1815823605706874,0.13215859030837004
1209.3,5.266,0.3085399449035813,0.3292978208232445,0.2347305389221557,0.1834862385321101,0.12788104089219332
1217.3,5.309,0.3244755244755244,0.3317073170731707,0.2338611449451887,0.1801324503311258,0.12650602409638553
1225.3,5.352,0.3238636363636363,0.3333333333333333,0.2329615861214374,0.1927710843373494,0.13129770992366413
1233.3,5.396,0.3174603174603174,0.3251231527093596,0.2421185372005044,0.1786197564276048,0.13611755607115236
1241.3,5.439,0.322108345534407,0.3267326732673267,0.2307692307692307,0.1693989071038251,0.13793103448275862
1249.3,5.483,0.3154761904761904,0.308457711442786,0.2398956975228161,0.1712707182320442,0.14285714285714285
1257.3,5.526,0.3141993957703927,0.3,0.2337317397078353,0.1673640167364016,0.1414790996784566
1265.3,5.569,0.325652841781874,0.2914572864321608,0.2321187584345479,0.1633802816901408,0.1532192339038305
1273.3,5.613,0.3244929797191888,0.2929292929292929,0.2307692307692307,0.1536273115220483,0.1551155115511551
1281.3,5.657,0.329635499207607,0.2842639593908629,0.2569832402234637,0.1724137931034483,0.1505016722408027
1289.3,5.7,0.3215434083601286,0.2755102040816326,0.2503556187766714,0.1681159420289855,0.14902624894157493
1297.3,5.744,0.326797385620915,0.2769230769230769,0.2485549132947976,0.1639824304538799,0.13379073756432247
1305.3,5.788,0.3184079601990049,0.2783505154639175,0.2411764705882353,0.1536189069423929,0.12858384013900956
1313.3,5.834,0.3097643097643097,0.2583979328165374,0.2511210762331838,0.1549925484351713,0.12313104661389622
1321.3,5.878,0.3213675213675214,0.2493506493506493,0.243531202435312,0.150375939849624,0.15316117542297417
1329.3,5.922,0.3119584055459272,0.2395833333333333,0.2349304482225656,0.1393939393939394,0.12984670874661858
1337.3,5.966,0.3169014084507042,0.2303664921465968,0.2327044025157232,0.1406727828746177,0.13503649635036497
1345.3,6.011,0.3071428571428571,0.2309711286089238,0.2236421725239616,0.12326656394453,0.11819021237303785
1353.3,6.056,0.3115942028985507,0.2110817941952506,0.2207792207792207,0.124223602484472,0.1308411214953271
1361.3,6.1,0.3014705882352941,0.2116402116402116,0.2244224422442244,0.1189358372456964,0.11352885525070956
1369.3,6.145,0.297951582867784,0.2015915119363395,0.2077051926298157,0.1070866141732283,0.11866028708133972
1377.3,6.19,0.2873345935727788,0.1808510638297872,0.2108843537414966,0.1015873015873015,0.11218568665377177
1385.3,6.235,0.2835249042145594,0.1706666666666666,0.2072538860103626,0.0910543130990415,0.11741682974559686
1393.3,6.281,0.2790697674418604,0.1711229946524064,0.1964912280701754,0.0916398713826366,0.12648221343873517
1401.3,6.326,0.275049115913556,0.1554959785522788,0.192170818505338,0.0791599353796446,0.10789210789210789
1409.3,6.372,0.2783300198807157,0.1505376344086021,0.1805054151624548,0.0715447154471544,0.09687184661957618
1417.3,6.417,0.249496981891348,0.1455525606469002,0.1681901279707495,0.0571895424836601,0.12232415902140673
1425.3,6.463,0.2606924643584521,0.1347708894878706,0.1629629629629629,0.0623973727422003,0.09876543209876543
1433.3,6.508,0.2304526748971193,0.1216216216216216,0.150093808630394,0.0378912685337726,0.10384215991692627
1441.3,6.554,0.2333333333333333,0.1029810298102981,0.1368821292775665,0.0248344370860927,0.09633507853403141
1449.3,6.6,0.2105263157894736,0.0948509485094851,0.1384615384615384,0.0149501661129568,0.054910242872228086
1457.3,6.646,0.2038216560509554,0.0733695652173913,0.1206225680933852,0.005,0.042598509052183174
1465.3,6.692,0.1888412017167382,0.0597826086956521,0.09251968503937,-0.0100334448160535,0.0407725321888412
1473.3,6.739,0.1818181818181818,0.0597826086956521,0.0974155069582504,-0.016750418760469,0.034594594594594595
1481.3,6.785,0.1572052401746725,0.0407608695652173,0.0682730923694779,-0.0419463087248322,0.026115342763873776
1489.3,6.831,0.167032967032967,0.0217391304347826,0.0728744939271255,-0.0302521008403361,0.029572836801752465
1497.3,6.878,0.130820399113082,0.0054347826086956,0.0448979591836734,-0.0555555555555555,0.011013215859030838
1505.3,6.924,0.1138392857142857,-0.0054347826086956,0.0349794238683127,-0.069023569023569,0.028792912513842746
1513.3,6.971,0.0943820224719101,-0.0135869565217391,0.0145228215767634,-0.1026936026936027,0.021134593993325918
1521.3,7.017,0.0880361173814898,-0.0271739130434782,-0.0041753653444676,-0.1077441077441077,0.035754189944134075
1529.3,7.064,0.0612244897959183,-0.0434782608695652,-0.0188679245283018,-0.1279461279461279,0.02244668911335578
1537.3,7.111,0.061503416856492,-0.073170731707317,-0.0548523206751054,-0.134453781512605,0.012373453318335208
1545.3,7.158,0.0251716247139588,-0.086720867208672,-0.0677966101694915,-0.1677852348993288,0.019187358916478554
1554.3,7.206,0.0114678899082568,-0.0945945945945946,-0.0808510638297872,-0.1541038525963149,0.007918552036199095
1562.3,7.254,-0.0229885057471264,-0.1108108108108108,-0.0980810234541577,-0.1869782971619365,0.014722536806342015
1570.3,7.301,-0.0138248847926267,-0.1266846361185983,-0.1132478632478632,-0.2066666666666666,-0.0011337868480725624
1578.3,7.348,-0.0415704387990762,-0.1344086021505376,-0.145610278372591,-0.2126245847176079,-0.019296254256526674
1586.3,7.396,-0.0762124711316397,-0.1608579088471849,-0.1627408993576017,-0.2181818181818181,-0.048752834467120185
1594.3,7.443,-0.0877598152424942,-0.1823056300268096,-0.171306209850107,-0.2372322899505766,-0.03968253968253968
1602.3,7.491,-0.1198156682027649,-0.1925133689839572,-0.1965811965811965,-0.2491803278688524,-0.05542986425339366
1610.3,7.539,-0.1244239631336405,-0.202127659574468,-0.2302771855010661,-0.2544861337683524,-0.07005649717514124
1618.3,7.587,-0.1448275862068965,-0.2228116710875331,-0.2553191489361702,-0.2792207792207792,-0.07666290868094701
1626.3,7.635,-0.1743119266055046,-0.2433862433862433,-0.2717622080679405,-0.2903225806451613,-0.09438202247191012
1634.3,7.684,-0.1917808219178082,-0.2532981530343008,-0.2875264270613107,-0.3012820512820512,-0.1029082774049217
1642.3,7.732,-0.2095671981776765,-0.2624671916010498,-0.311578947368421,-0.3184713375796178,-0.0758082497212932
1650.3,7.781,-0.2443438914027149,-0.2827225130890052,-0.3263598326359833,-0.3227848101265823,-0.08425720620842572
1658.3,7.829,-0.2612612612612612,-0.3020833333333333,-0.3326403326403326,-0.3453689167974882,-0.11037527593818984
1666.3,7.877,-0.2690582959641255,-0.3220779220779221,-0.3636363636363636,-0.3551401869158878,-0.12719298245614036
1674.3,7.926,-0.2850779510022271,-0.3204134366925064,-0.3770491803278688,-0.3771251931993817,-0.10021786492374728
1682.3,7.975,-0.3097345132743362,-0.3393316195372751,-0.3983739837398374,-0.3742331288343558,-0.14285714285714285
1690.3,8.024,-0.3245614035087719,-0.358974358974359,-0.4112903225806452,-0.3890577507598784,-0.11170784103114931
1698.3,8.072,-0.3485838779956427,-0.3673469387755102,-0.432,-0.4096385542168674,-0.11501597444089456
1706.3,8.122,-0.3628509719222462,-0.3857868020304568,-0.4435643564356435,-0.4059701492537313,-0.08447729672650475
1714.3,8.172,-0.358974358974359,-0.3838383838383838,-0.4305283757338551,-0.4023668639053254,-0.08795811518324607
1722.3,8.221,-0.3728813559322034,-0.3919597989949748,-0.4573643410852713,-0.4216691068814056,-0.1037344398340249
1730.3,8.27,-0.3941299790356394,-0.399002493765586,-0.4674329501915709,-0.417391304347826,-0.09034907597535935
1738.3,8.32,-0.4066390041493776,-0.4168734491315136,-0.4621212121212121,-0.4361549497847919,-0.08943089430894309
1746.3,8.369,-0.4024640657084189,-0.4246913580246914,-0.4785046728971963,-0.4318181818181818,-0.0763819095477387
1754.3,8.419,-0.3983739837398374,-0.4324324324324324,-0.5018450184501845,-0.4044943820224719,-0.09542743538767395
1762.3,8.469,-0.4176706827309236,-0.4292682926829268,-0.4954462659380692,-0.4222222222222222,-0.10609037328094302
1770.3,8.519,-0.4206349206349206,-0.4466019417475728,-0.4883303411131059,-0.4395604395604395,-0.0970873786407767
1778.3,8.569,-0.4235294117647059,-0.4530120481927711,-0.5106382978723404,-0.4347826086956521,-0.0728667305848514
1786.3,8.619,-0.425531914893617,-0.4593301435406698,-0.5305410122164049,-0.4510067114093959,-0.1021759697256386
1794.3,8.67,-0.4435946462715105,-0.4666666666666667,-0.495697074010327,-0.4244031830238727,-0.09719626168224299
1802.3,8.721,-0.4452830188679245,-0.4728132387706856,-0.5152542372881356,-0.4403669724770642,-0.09585253456221199
1810.3,8.771,-0.4386617100371747,-0.4788732394366197,-0.5075125208681135,-0.4352331606217616,-0.08727272727272728
1818.3,8.821,-0.4330275229357798,-0.4848484848484848,-0.5263157894736842,-0.4302176696542893,-0.08251121076233184
1826.3,8.872,-0.4484629294755877,-0.4814814814814814,-0.517799352750809,-0.4247787610619469,-0.11317418213969938
1834.3,8.923,-0.4420677361853832,-0.496551724137931,-0.5103668261562998,-0.4394506866416979,-0.0976460331299041
1842.3,8.974,-0.4358523725834798,-0.4931506849315068,-0.4764890282131661,-0.4143033292231812,-0.096137339055794
1850.3,9.025,-0.4436741767764298,-0.4988662131519274,-0.4938271604938271,-0.4092570036540804,-0.07445008460236886
1858.3,9.076,-0.4641638225255973,-0.5045045045045045,-0.5098634294385432,-0.4038461538461538,-0.09666666666666666
1866.3,9.127,-0.4579124579124579,-0.5089285714285714,-0.5014925373134328,-0.398576512455516,-0.10509031198686371
1874.3,9.179,-0.451077943615257,-0.5055432372505543,-0.4933920704845815,-0.3934426229508196,-0.08730800323362975
1882.3,9.231,-0.4444444444444444,-0.5022026431718062,-0.4855491329479768,-0.3884393063583815,-0.10501193317422435
1890.3,9.282,-0.4372990353697749,-0.5065502183406113,-0.5,-0.3835616438356164,-0.0971025841816758
1898.3,9.334,-0.4310618066561014,-0.4945770065075922,-0.4916201117318435,-0.3603603603603603,-0.10477657935285054
1906.3,9.386,-0.4243369734789392,-0.5075268817204301,-0.4615384615384615,-0.3381535038932147,-0.09401061410159212
1914.3,9.437,-0.3932411674347158,-0.5042735042735043,-0.4750337381916329,-0.3688254665203073,-0.11940298507462686
1922.3,9.489,-0.3872919818456883,-0.5084745762711864,-0.4456233421750663,-0.3463203463203463,-0.09691629955947137
1930.3,9.541,-0.4047619047619047,-0.5042016806722689,-0.4380704041720991,-0.3418803418803419,-0.10685920577617329
1938.3,9.594,-0.375366568914956,-0.5010438413361169,-0.4512820512820513,-0.3037974683544304,-0.13646055437100213
1946.3,9.646,-0.352092352092352,-0.4968944099378882,-0.4237074401008827,-0.2996878251821019,-0.09224318658280922
1955.3,9.7,-0.3574468085106383,-0.4928131416837782,-0.4356435643564356,-0.3117948717948718,-0.11248285322359397
1963.3,9.752,-0.3575418994413408,-0.4887983706720977,-0.4087591240875912,-0.291497975708502,-0.10256410256410256
1971.3,9.805,-0.3411279229711141,-0.4848484848484848,-0.4019138755980861,-0.2714570858283433,-0.11678832116788321
1979.3,9.857,-0.3410013531799729,-0.4889779559118236,-0.3948296122209165,-0.2679802955665024,-0.09138381201044386
1987.3,9.91,-0.3306666666666666,-0.4930417495029821,-0.3884393063583815,-0.245136186770428,-0.12066752246469833
1995.3,9.963,-0.3307086614173228,-0.4812623274161736,-0.3818181818181818,-0.2226487523992322,-0.10606060606060606
2003.3,10.02,-0.3204134366925064,-0.4774951076320939,-0.3579418344519016,-0.2121212121212121,-0.09931719428926133
2011.3,10.07,-0.3002544529262086,-0.4737864077669902,-0.3696369636963696,-0.2018691588785046,-0.11721611721611722
2019.3,10.12,-0.3057644110275689,-0.4692307692307692,-0.3459459459459459,-0.2029520295202952,-0.0984984984984985
2027.3,10.18,-0.3012345679012346,-0.4503816793893129,-0.3574468085106383,-0.1857923497267759,-0.08033077377436504
2035.3,10.23,-0.2867557715674362,-0.4469696969696969,-0.3350785340314136,-0.1725067385444744,-0.08130081300813008
2043.3,10.28,-0.2634730538922156,-0.4436090225563909,-0.3130792996910401,-0.1561668145519077,-0.08685714285714285
2051.3,10.34,-0.2547169811320754,-0.4477611940298507,-0.3242147922998987,-0.1471103327495621,-0.08768971332209106
2059.3,10.39,-0.2462253193960511,-0.4288354898336414,-0.3030907278165503,-0.1279170267934312,-0.07960199004975124
2067.3,10.45,-0.2334096109839817,-0.418348623853211,-0.2983316977428852,-0.1092150170648464,-0.0674279499728113
2075.3,10.5,-0.2164599774520856,-0.4298724954462659,-0.2782608695652174,-0.1079258010118043,-0.05564472980203317
2083.3,10.55,-0.2044444444444444,-0.4259927797833935,-0.2585551330798479,-0.1064891846921797,-0.061052631578947365
2091.3,10.61,-0.1883899233296823,-0.4086021505376344,-0.2694106641721235,-0.0821692686935086,-0.04350077679958571
2099.3,10.66,-0.1984897518878101,-0.3907637655417407,-0.2654377880184332,-0.0681818181818181,-0.07131940906775344
2107.3,10.72,-0.1787234042553191,-0.4021164021164021,-0.2468239564428312,-0.0464743589743589,-0.06416040100250626
2115.3,10.77,-0.1594963273871983,-0.3986013986013986,-0.2180518319928507,-0.0356294536817102,-0.03946719289590528
2123.3,10.83,-0.1530506721820062,-0.375,-0.2112676056338028,-0.0312744331508991,-0.042739193783389993
2131.3,10.88,-0.1386340468909276,-0.3924268502581756,-0.1908065915004336,-0.027027027027027,-0.045889101338432124
2139.3,10.94,-0.1366834170854271,-0.3692307692307692,-0.1914529914529914,-0.0030511060259344,-0.047036688617121354
2147.3,10.99,-0.1189296333002973,-0.3661016949152542,-0.1885521885521885,0.0113036925395629,-0.023148148148148147
2155.3,11.05,-0.1212121212121212,-0.3764705882352941,-0.1759336099585062,0.0022338049143708,-0.038303693570451436
2163.3,11.1,-0.1427193828351012,-0.353923205342237,-0.1864268192968111,0.0213392200147167,-0.03949730700179533
2171.3,11.16,-0.1141769743101807,-0.3642384105960264,-0.1547139403706688,0.0101818181818181,-0.02695536897923111
2179.3,11.21,-0.1014084507042253,-0.354679802955665,-0.1717011128775834,0.0215672178289,-0.04351610095735422
2187.3,11.27,-0.1037037037037037,-0.3588907014681892,-0.1598746081504702,0.0269886363636363,-0.02914702100300043
2195.3,11.33,-0.0767824497257769,-0.3624595469255663,-0.1545595054095827,0.0351123595505618,-0.03209459459459459
2203.3,11.38,-0.1083032490974729,-0.3467094703049759,-0.1432926829268292,0.0340041637751561,-0.05324459234608985
2211.3,11.44,-0.0747996438112199,-0.3508771929824561,-0.1203007518796992,0.0411805078929306,-0.02580909463334699
2219.3,11.49,-0.0738786279683377,-0.3544303797468354,-0.1216617210682492,0.0542740841248303,-0.019378280177634235
2227.3,11.55,-0.0798611111111111,-0.3579277864992151,-0.1171303074670571,0.0590604026845637,-0.04295942720763723
2235.3,11.61,-0.0583190394511149,-0.3489096573208722,-0.1184971098265895,0.0583941605839416,-0.03606428851430812
2243.3,11.66,-0.0643522438611346,-0.3529411764705882,-0.1083392729864576,0.0839895013123359,-0.04482225656877898
2251.3,11.72,-0.0392976588628762,-0.3440860215053763,-0.1041520056298381,0.0805194805194805,-0.039603960396039604
2259.3,11.78,-0.0231213872832369,-0.3292682926829268,-0.1000694927032661,0.0873474630700064,-0.04355989485542621
2267.3,11.83,-0.0506122448979591,-0.3388804841149773,-0.0878517501715854,0.0914866581956797,-0.03256846780162842
2276.3,11.89,-0.0281803542673107,-0.3363363363363363,-0.0784844384303112,0.0929064657878217,-0.04663023679417122
2284.3,11.95,-0.0175159235668789,-0.3338301043219076,-0.0614973262032085,0.101863354037267,-0.045993532159540065
2292.3,12.01,-0.014948859166011,-0.3254437869822485,-0.0422442244224422,0.1130915795943454,-0.06236711552090716
2300.3,12.06,0.0,-0.3176470588235294,-0.0626223091976516,0.1094890510948905,-0.053128276826284515
2308.3,12.12,-0.0015372790161414,-0.3036496350364963,-0.0541237113402061,0.1300421432871764,-0.05931034482758621
2316.3,12.18,0.0151975683890577,-0.3072463768115942,-0.0458598726114649,0.1525625744934445,-0.05442176870748299
2324.3,12.23,0.0315552216378662,-0.316546762589928,-0.0245437382001258,0.1699115044247787,-0.06040268456375839
2332.3,12.29,0.0564635958395245,-0.2918454935622318,-0.0211574362165525,0.1682242990654205,-0.06754966887417219
2340.3,12.35,0.0676470588235294,-0.2670454545454545,0.0024615384615384,0.194331983805668,-0.06276560967636483
2348.3,12.41,0.1018181818181818,-0.2595204513399153,-0.0030413625304136,0.2199312714776632,-0.05935483870967742
2356.3,12.47,0.1035971223021582,-0.2296918767507002,0.0120336943441636,0.2268859897901304,-0.062420382165605096
2364.3,12.52,0.1395017793594306,-0.1949860724233983,0.0142772159428911,0.2337078651685393,-0.06538824269097768
2372.3,12.58,0.1295774647887324,-0.1881051175656984,-0.0076515597410241,0.1602671118530884,-0.08441961514587212
2380.3,12.64,-0.00139470013947,-0.2637362637362637,-0.1071012805587892,-0.0281146637265711,-0.06253832004904966
2388.3,12.7,-0.1987577639751552,-0.4802182810368349,-0.2488479262672811,-0.3320589841616603,-0.07145019679079624
2396.3,12.76,-0.1666666666666666,-0.5427408412483039,-0.2280501710376282,-0.2857142857142857,-0.07416267942583732
2404.3,12.82,0.033130493576741,-0.2695417789757412,-0.0383747178329571,0.0053619302949061,-0.0897814530419374
2412.3,12.87,-0.0803750837240455,-0.4069611780455154,-0.129536571747627,-0.0807651434643995,-0.06886489641085497
2420.3,12.93,-0.0848806366047745,-0.4047936085219707,-0.1592039800995024,-0.1158504476040021,-0.06918420294032862
2428.3,12.99,-0.0814182534471437,-0.3809523809523809,-0.1751505199781061,-0.1315926892950391,-0.03873540301908288
2436.3,13.05,-0.106701366297983,-0.3994743758212877,-0.1344173441734417,-0.1283643892339544,0.006475225225225225
2444.3,13.11,-0.0876288659793814,-0.3555555555555555,-0.1202361782071927,-0.0800410466906105,0.005564830272676683
2452.3,13.17,-0.0766283524904214,-0.4155844155844156,-0.1275917065390749,-0.0996948118006103,0.0013751375137513752
2460.3,13.23,-0.0683111954459203,-0.392258064516129,-0.1284886782517114,-0.1049445005045408,0.0027188689505165853
2468.3,13.29,-0.0727272727272727,-0.3902439024390244,-0.1502347417840375,-0.1200600300150075,-0.005106154259607632
2476.3,13.35,-0.0968944099378882,-0.3877551020408163,-0.1405684754521964,-0.1428571428571428,0.009301089556205155
2484.3,13.41,-0.0935960591133004,-0.3857868020304568,-0.1475409836065573,-0.1574803149606299,0.0005254860746190226
2492.3,13.47,-0.0683760683760683,-0.3833543505674653,-0.1543147208121827,-0.1405563689604685,-0.012993762993762994
2500.3,13.53,-0.1162227602905569,-0.4215809284818068,-0.1609657947686116,-0.1704600484261501,-0.0071979434447300775
2508.3,13.59,-0.0936374549819928,-0.4389027431421446,-0.1675810473815461,-0.1844380403458213,-0.02135774218154081
2516.3,13.65,-0.1261154074955383,-0.4367245657568238,-0.1660899653979238,-0.1906577693040991,-0.022138364779874214
2524.3,13.71,-0.1109799291617473,-0.4143033292231812,-0.1725490196078431,-0.1892147587511826,-0.010701841712294675
2532.3,13.77,-0.131070801638385,-0.4122699386503067,-0.1711229946524064,-0.2102299389957766,-0.007881773399014778
2540.3,13.83,-0.0975609756097561,-0.4292682926829268,-0.1927710843373494,-0.2086632510479739,-0.029246892517669997
2548.3,13.89,-0.0944700460829493,-0.4271844660194174,-0.1912960306073649,-0.2219140083217753,-0.03183791606367583
2556.3,13.95,-0.0982857142857142,-0.4444444444444444,-0.1896633475580844,-0.2496558054153281,-0.030556218667939842
2564.3,14.01,-0.1269841269841269,-0.4417767106842737,-0.188235294117647,-0.2478359908883826,-0.018908059560387616
2572.3,14.07,-0.1238041643218908,-0.4587813620071684,-0.2166199813258637,-0.2605156037991858,-0.028076743097800654
2580.3,14.13,-0.1362367392518146,-0.4565992865636147,-0.207503473830477,-0.2801975752132914,-0.04447533009034051
2588.3,14.19,-0.1286031042128603,-0.4544378698224852,-0.1911764705882352,-0.2711864406779661,-0.025688073394495414
2596.3,14.25,-0.1342872867363786,-0.4517647058823529,-0.2408759124087591,-0.2976085031000886,-0.049977283053157656
2604.3,14.31,-0.1485527034407427,-0.468384074941452,-0.2246376811594203,-0.3167619885613726,-0.043184885290148446
2612.3,14.37,-0.1648590021691974,-0.4475524475524475,-0.2301123595505618,-0.3005679335954565,-0.04989975495656048
2620.3,14.43,-0.163704900376952,-0.482598607888631,-0.2570281124497992,-0.3402777777777778,-0.04150110375275938
2628.3,14.5,-0.1711229946524064,-0.4618937644341801,-0.2835622507753655,-0.3379310344827586,-0.048097944905990384
2636.3,14.56,-0.152947424322889,-0.4781609195402299,-0.2815662120545534,-0.3426124197002141,-0.0658578856152513
2644.3,14.62,-0.160337552742616,-0.5125858123569794,-0.2795980777632154,-0.3744680851063829,-0.0420691135436789
2652.3,14.68,-0.1761006289308176,-0.4920273348519362,-0.2986111111111111,-0.3720930232558139,-0.06465333900467886
2660.3,14.74,-0.1665799062988027,-0.4535147392290249,-0.2827586206896552,-0.3899159663865546,-0.06070826306913996
2668.3,14.8,-0.1821003621314019,-0.4875846501128668,-0.3083511777301927,-0.3941544885177453,-0.06686167989970748
2677.3,14.86,-0.2136620441705187,-0.5207631874298541,-0.3399915002124947,-0.4048112816258813,-0.07281754240794373
2685.3,14.93,-0.1959183673469387,-0.48268156424581,-0.2972972972972973,-0.4089035449299258,-0.07873692843961452
2693.3,14.99,-0.2271805273833671,-0.534521158129176,-0.322282836760386,-0.4131147540983607,-0.0715592600121976
2701.3,15.05,-0.2096774193548387,-0.532150776053215,-0.3603002502085071,-0.4431771894093686,-0.087079217899617
2709.3,15.11,-0.2324649298597194,-0.5121412803532008,-0.3779527559055118,-0.4406642365330093,-0.0671597041774935
2717.3,15.17,-0.2629482071713147,-0.5274725274725275,-0.369180057684384,-0.463954893274265,-0.08245787908820615
2725.3,15.23,-0.2376237623762376,-0.5251641137855579,-0.38001638001638,-0.461353624349219,-0.09123082972866693
2733.3,15.3,-0.2442146725750861,-0.5234460196292258,-0.4169381107491857,-0.4587813620071684,-0.0811232449297972
2741.3,15.36,-0.2584434654919236,-0.5211726384364821,-0.4014569000404694,-0.4562376237623762,-0.0897485493230174
2749.3,15.42,-0.2958637469586375,-0.5535135135135135,-0.4056338028169014,-0.4789287120913745,-0.09514674851333206
2757.3,15.48,-0.2787996127783156,-0.5344827586206896,-0.4353741496598639,-0.4764890282131661,-0.08831366577845451
2765.3,15.55,-0.3235435724602792,-0.5836909871244635,-0.4329486669319538,-0.4740740740740741,-0.09367327667610954
2773.3,15.61,-0.3141762452107279,-0.6160427807486631,-0.4558765334388603,-0.4715005816207832,-0.08995502248875563
2781.3,15.67,-0.3352380952380952,-0.6134185303514377,-0.4535433070866141,-0.4691358024691358,-0.08925251022685013
2789.3,15.73,-0.3260663507109004,-0.6454352441613588,-0.4761158966327329,-0.491362763915547,-0.1033400996493818
2797.3,15.8,-0.3620933521923621,-0.642706131078224,-0.4737047136735489,-0.4644766997708174,-0.08791208791208792
2805.3,15.86,-0.3527204502814259,-0.6406743940990516,-0.4465116279069767,-0.4865070315469403,-0.0989090909090909
2813.3,15.92,-0.3734827264239029,-0.6554621848739496,-0.4689548785190898,-0.4599092284417549,-0.10393359797906893
2821.3,15.98,-0.3864375290292615,-0.702928870292887,-0.4666155026861089,-0.4819277108433735,-0.10605517735578646
2829.3,16.05,-0.4290337494220989,-0.7674661105318039,-0.4887361588392516,-0.4795803671787186,-0.11097279032544904
2837.3,16.11,-0.4491486424298205,-0.7817047817047817,-0.4865070315469403,-0.4774337933606863,-0.11866501854140915
2845.3,16.18,-0.4544205222171323,-0.8621761658031089,-0.4841149773071104,-0.4753063497957668,-0.11783271962125197
2853.3,16.24,-0.495897903372835,-0.9256198347107438,-0.5060240963855421,-0.4968576709796672,-0.11422601427825178
2861.3,16.3,-0.5226860254083484,-0.9382716049382716,-0.5037481259370314,-0.4946632315053367,-0.11343593290679578
2869.3,16.36,-0.5205603253502034,-0.9846153846153848,-0.5253731343283582,-0.4690362770245511,-0.12364760432766615
2877.3,16.43,-0.5470085470085471,-1.112474437627812,-0.5230312035661219,-0.4903319956220358,-0.13920163766632548
2885.3,16.49,-0.5734767025089605,-1.109072375127421,-0.5207100591715976,-0.4883720930232558,-0.14096916299559473
2893.3,16.55,-0.5709188224799286,-1.170731707317073,-0.5186003683241253,-0.4864277958740499,-0.1454300622790776
2901.3,16.62,-0.5686361617059085,-1.232016210739615,-0.516507703595011,-0.4844989185291997,-0.12842809364548494
2909.3,16.68,-0.5946902654867257,-1.358948432760364,-0.5142439737034331,-0.4824120603015075,-0.13023255813953488
2917.3,16.75,-0.5923314235345968,-1.3548387096774193,-0.5121862495452892,-0.4805148373257061,-0.15051988777025913
2925.3,16.81,-0.5899912203687445,-1.350753768844221,-0.5333333333333333,-0.4786324786324786,-0.14435695538057744
2933.3,16.87,-0.5876694359422825,-1.4108216432865732,-0.5083032490974729,-0.4769339957416607,-0.13039934800325997
2941.3,16.94,-0.5856209150326798,-1.4065934065934067,-0.5062927004674578,-0.4524566984800283,-0.13478049570711162
2949.3,17.0,-0.5833333333333334,-1.4037886340977068,-0.504297994269341,-0.4508629799225079,-0.12622766060215745
2957.3,17.06,-0.5813148788927336,-1.463220675944334,-0.502498215560314,-0.4492804492804493,-0.12288
2965.3,17.13,-0.5790607496768634,-1.4588701684836471,-0.5007112375533428,-0.4475524475524475,-0.10941475826972011
2973.3,17.19,-0.5773195876288659,-1.4559841740850643,-0.4989369241672572,-0.4461484837922621,-0.11636363636363636
2981.3,17.26,-0.5750962772785623,-1.4516765285996056,-0.4971751412429379,-0.4223688780826676,-0.09052333804809053
2989.3,17.32,-0.5733788395904437,-1.4488188976377954,-0.4954257565095003,-0.4209068881966078,-0.1075
2997.3,17.39,-0.5714285714285714,-1.507360157016683,-0.4938618028761838,-0.41959972394755,-0.1019266625233064
3005.3,17.45,-0.5694915254237288,-1.504407443682664,-0.4699300699300699,-0.4181568088033012,-0.08897126969416126
3013.3,17.51,-0.5678073510773131,-1.501466275659824,-0.4682926829268293,-0.4168666438121357,-0.09829519275072954
3021.3,17.58,-0.5658947368421052,-1.4970760233918128,-0.4890587009378256,-0.4155844155844156,-0.09286696196731327
3029.3,17.64,-0.5642317380352645,-1.4941634241245136,-0.4875346260387811,-0.4143100511073254,-0.0947896096004861
3037.3,17.71,-0.5625784847216408,-1.49126213592233,-0.4861878453038674,-0.4130434782608695,-0.08700906344410876
3045.3,17.77,-0.5876460767946577,-1.550387596899225,-0.4846815834767642,-0.4119241192411924,-0.09375
3053.3,17.84,-0.5593008739076155,-1.5473887814313343,-0.4833504977686234,-0.4108108108108108,-0.09325960245105365
3061.3,17.9,-0.5842323651452282,-1.5429122468659595,-0.4601163984936665,-0.4095655102728191,-0.10465289133343243
3069.3,17.97,-0.5827814569536424,-1.5399422521655437,-0.4807101399795151,-0.4084648975478669,-0.09701271813073055
3078.3,18.03,-0.5808580858085809,-1.536983669548511,-0.4572984008166043,-0.3858004018754186,-0.10349897089091444
3086.3,18.1,-0.5794238683127572,-1.5340364333652925,-0.4779361846571622,-0.4061456245824983,-0.09594851543074448
3094.3,18.16,-0.5779967159277504,-1.5311004784688995,-0.4766418415707515,-0.4050632911392405,-0.09778812572759023
3102.3,18.23,-0.5765765765765766,-1.528175740210124,-0.4755150287065181,-0.382851445663011,-0.09265962067467787
3110.3,18.29,-0.5751633986928104,-1.5252621544327931,-0.4742337487369484,-0.403183023872679,-0.0691543005330644
3118.3,18.36,-0.5737571312143439,-1.522359657469077,-0.4731182795698925,-0.3809523809523809,-0.06652329749103943
3126.3,18.42,-0.5723577235772358,-1.520912547528517,-0.4505531344284277,-0.4011877268228307,-0.0707459706176009
3134.3,18.49,-0.5711967545638945,-1.5180265654648957,-0.4496487119437939,-0.3793216990451103,-0.07722884724588303
3142.3,18.55,-0.5698097936058276,-1.5757575757575757,-0.4485981308411215,-0.3994743758212877,-0.08137892059903927
3150.3,18.62,-0.5945072697899838,-1.5727788279773156,-0.4475524475524475,-0.3985578498852835,-0.08773903262092239
3158.3,18.69,-0.5933091495364772,-1.571293673276676,-0.4466600199401794,-0.3977755969905135,-0.08733379986004199
3166.3,18.75,-0.5921158487530169,-1.5683317624882187,-0.445771144278607,-0.3968668407310705,-0.09361939258846476
3174.3,18.82,-0.5909273384183059,-1.6271186440677967,-0.4237007613373055,-0.3752442996742671,-0.09761508596783139
3182.3,18.88,-0.5897435897435898,-1.6240601503759398,-0.4228609184010571,-0.3745123537061118,-0.1060187741579238
3190.3,18.95,-0.5885645741703319,-1.6225352112676057,-0.4220243982855259,-0.3530175210902012,-0.10333928816820118
3198.3,19.01,-0.587624750499002,-1.619493908153702,-0.4213298222514812,-0.3524457402008422,-0.10945409768778219
3206.3,19.08,-0.5866879234754883,-1.6179775280898876,-0.4204993429697766,-0.3258971871968962,-0.11551559733006403
3214.3,19.15,-0.5855210819411297,-1.6149532710280374,-0.4198097736962938,-0.3202065848934796,-0.11499864388391647
3222.3,19.21,-0.5845909451945989,-1.6134453781512603,-0.4191224623444662,-0.3145343216242346,-0.11882257628949501
3230.3,19.28,-0.5836637589214909,-1.611940298507463,-0.4184373978424321,-0.3037323037323037,-0.12044629654523457
3238.3,19.35,-0.5827395091053048,-1.6104380242311276,-0.4177545691906005,-0.2929649855444908,-0.11994645247657296
3246.3,19.41,-0.5818181818181818,-1.6074418604651164,-0.4170739654610622,-0.2924951892238615,-0.11090375899760065
3254.3,19.48,-0.5811290959336755,-1.6059479553903346,-0.4165310771233322,-0.2920268972142171,-0.1083089992036103
3262.3,19.55,-0.5802128498226251,-1.6044568245125348,-0.4159896002599935,-0.2814198912695874,-0.09729015201586252
3270.3,19.61,-0.5792994883903975,-1.6029684601113172,-0.4153147306943543,-0.280970625798212,-0.09268035808320169
3278.3,19.68,-0.5786163522012578,-1.601482854494903,-0.4147764095917045,-0.2807017543859649,-0.09231576186729609
3286.3,19.74,-0.5779348252846486,-1.6,-0.4142394822006472,-0.2802547770700637,-0.09193000783494384
3294.3,19.81,-0.5772549019607843,-1.5985198889916743,-0.4137039431157078,-0.2798982188295165,-0.08949011446409989
3302.3,19.88,-0.5765765765765766,-1.5970425138632165,-0.4133031966419115,-0.2796313949793454,-0.0891422648354496
3310.3,19.95,-0.5758998435054773,-1.5955678670360112,-0.4127700741696227,-0.2741986670898128,-0.09085043231384694
3318.3,20.01,-0.5752246971473232,-1.5940959409594095,-0.4123711340206185,-0.268864933417882,-0.09255688391824142
3326.3,20.08,-0.5747754783287778,-1.592626728110599,-0.4119729642742195,-0.2685243825205826,-0.0942381562099872
3334.3,20.15,-0.5741029641185648,-1.592626728110599,-0.4115755627009646,-0.268269534957292,-0.1
3342.3,20.22,-0.573655494933749,-1.591160220994475,-0.4111789270799871,-0.2680151706700379,-0.10166476045240819
3350.3,20.28,-0.573208722741433,-1.5896964121435142,-0.410783055198973,-0.2677612882854436,-0.10126582278481013
3358.3,20.35,-0.5725398677557371,-1.588235294117647,-0.4103879448541199,-0.2625433890817292,-0.10089544709294992
3366.3,20.42,-0.5720948309366498,-1.588235294117647,-0.4101249599487344,-0.2673392181588903,-0.10453574569669556
3374.3,20.48,-0.5718725718725719,-1.5867768595041325,-0.4098623118796029,-0.2671707624448645,-0.100150225338007
3382.3,20.55,-0.5714285714285714,-1.5867768595041325,-0.4094689699296225,-0.2670025188916876,-0.10177101521576452
3390.3,20.62,-0.5709852598913887,-1.5853211009174313,-0.4093380236648545,-0.2668344870988043,-0.10339256865912763
3398.3,20.69,-0.5707638619620008,-1.5853211009174313,-0.4499840204538191,-0.4226415094339623,-0.09706574223102638
3406.3,20.76,-0.5703215807826424,-1.5838680109990837,-0.4496965825614819,-0.4223758642363293,-0.09671848013816926
3414.3,20.83,-0.5701006971340047,-1.5838680109990837,-0.4494095116501755,-0.4221105527638191,-0.09637369391518132
3422.3,20.89,-0.5698799845141309,-1.5824175824175823,-0.4492661135928525,-0.421978021978022,-0.096031357177854
3430.3,20.96,-0.5696594427244582,-1.5824175824175823,-0.4489795918367347,-0.4217132099152808,-0.09373855730501647
3438.3,21.03,-0.5694390715667311,-1.5824175824175823,-0.448836467963022,-0.4215809284818068,-0.09925799781048535
3446.3,21.1,-0.5692188708430008,-1.5824175824175823,-0.4486934353091141,-0.4214487300094073,-0.09889710338140831
3454.3,21.17,-99999.0,-99999.0,-0.4485504937878305,-0.4213166144200627,-0.0966183574879227
