TIME (SECONDS),A_TCNFDN (W/m^2),B_TCNFDN (W/m^2),C_TCNFDN (W/m^2),D_TCNFDN (W/m^2),E_TCNFDN (W/m^2),F_TCNFDN (W/m^2)
14.2,30.871,-6.342,-2.099,15.852,-4.239,-1.975
18.8,5.697,-3.674,0.493,3.223,-2.379,0.093
24.8,5.774,-4.858,0.365,3.195,-3.084,0.024
30.8,6.042,-2.78,0.351,3.151,-1.908,-0.061
36.8,5.384,-10.727,-0.433,2.961,-6.505,-0.167
42.8,5.885,-4.011,-0.315,2.885,-2.763,-0.223
48.8,5.813,-4.187,-0.747,2.69,-3.071,-0.406
54.8,5.61,-4.132,-0.908,2.409,-3.103,-0.52
68.2,5.534,-2.797,-1.215,2.047,-2.479,-0.824
72.8,5.194,-3.683,-1.622,1.95,-3.031,-0.742
78.8,5.245,-3.68,-1.567,1.714,-3.297,-0.918
84.8,5.246,-4.036,-2.189,1.547,-3.532,-1.075
90.8,5.03,-3.978,-2.426,1.422,-3.54,-1.185
96.8,5.013,-3.898,-2.561,1.163,-3.552,-1.101
102.8,4.667,-3.832,-2.677,1.268,-3.545,-1.335
108.8,4.655,-3.665,-2.734,0.861,-3.675,-1.342
114.8,4.367,-3.708,-2.882,0.212,-3.703,-1.38
134.2,4.093,-3.166,-2.832,0.207,-3.493,-1.722
138.8,3.797,-3.568,-3.432,0.677,-3.608,-1.888
144.8,3.355,-3.496,-3.425,0.289,-3.543,-1.537
150.8,3.776,-3.799,-3.335,0.262,-3.705,-1.669
156.8,3.75,-3.608,-3.634,0.069,-3.553,-1.759
162.8,3.451,-3.597,-3.572,-0.075,-3.622,-1.662
168.8,3.296,-3.304,-3.645,-0.144,-3.595,-1.74
174.8,3.157,-3.351,-3.65,-0.08,-3.652,-1.754
188.2,3.093,-3.51,-3.814,-0.378,-3.6,-2.066
192.8,3.146,-3.234,-3.779,-0.421,-3.609,-1.679
198.8,3.103,-3.35,-3.544,-0.329,-3.607,-1.827
204.8,2.825,-3.418,-3.692,-0.318,-3.517,-1.524
210.8,3.124,-3.392,-3.55,0.136,-3.42,-1.693
216.8,3.267,-3.257,-3.471,-0.249,-3.4,-1.937
222.8,3.192,-3.365,-3.588,-0.525,-3.567,-1.531
228.8,2.475,-3.181,-3.426,-0.447,-3.363,-1.451
234.8,2.683,-3.264,-3.366,-0.419,-3.336,-1.512
254.2,2.446,-3.026,-3.26,-0.534,-3.051,-1.597
258.8,2.329,-2.98,-3.262,-0.412,-3.215,-1.369
264.8,2.542,-3.009,-3.152,-0.433,-3.09,-1.492
270.8,2.369,-2.821,-3.245,-0.408,-2.992,-1.419
276.8,2.484,-2.681,-2.874,-0.376,-2.391,-1.622
282.8,2.769,-2.894,-3.272,-0.334,-2.974,-1.504
288.8,2.201,-2.787,-2.932,-0.372,-2.909,-1.247
294.8,2.352,-2.7,-2.789,-0.329,-2.841,-1.566
308.2,2.371,-2.829,-2.448,-0.243,-2.886,-1.52
312.8,2.234,-2.684,-2.742,0.922,-2.73,-1.37
318.8,2.255,-2.689,-2.53,-0.298,-2.748,-1.353
324.8,2.279,-2.563,-2.478,-0.36,-2.642,-1.373
330.8,2.164,-2.487,-2.405,-0.263,-2.612,-1.297
336.8,2.184,-2.607,-2.321,-0.269,-2.571,-1.14
342.8,2.086,-2.497,-2.217,-0.253,-2.51,-1.25
348.8,2.137,-2.497,-2.103,-0.26,-2.46,-1.232
354.8,2.084,-2.38,-2.065,-0.196,-2.387,-1.265
374.2,1.854,-2.34,-1.806,-0.136,-2.265,-1.045
378.8,1.957,-2.196,-1.8,-0.169,-2.272,-1.077
384.8,1.967,-2.237,-1.71,-0.154,-2.161,-1.051
390.8,2.045,-2.248,-1.644,-0.08,-2.129,-1.051
396.8,2.018,-2.156,-1.639,-0.08,-2.062,-0.956
402.8,2.019,-2.177,-1.483,-0.018,-2.046,-0.943
408.8,1.97,-2.134,-1.433,-0.016,-1.965,-0.943
414.8,1.961,-2.115,-1.394,0.125,-1.951,-0.903
428.2,1.968,-1.974,-1.251,0.125,-1.845,-0.868
432.8,2.03,-2.012,-1.136,0.163,-1.827,-0.826
438.8,2.016,-1.954,-1.15,0.152,-1.778,-0.785
444.8,2.011,-1.941,-1.041,0.21,-1.735,-0.739
450.8,1.993,-1.907,-0.945,0.234,-1.67,-0.757
456.8,2.011,-1.907,-0.841,0.29,-1.658,-0.662
462.8,2.038,-1.872,-0.808,0.27,-1.59,-0.676
468.8,2.042,-1.81,-0.748,0.327,-1.549,-0.662
474.8,1.982,-1.799,-0.651,0.336,-1.497,-0.598
494.2,1.945,-1.706,-0.446,0.434,-1.406,-0.438
498.8,2.017,-1.662,-0.389,0.467,-1.35,-0.489
504.8,2.008,-1.653,-0.298,0.545,-1.313,-0.503
510.8,2.044,-1.626,-0.259,0.544,-1.298,-0.417
516.8,2.021,-1.535,-0.188,0.568,-1.234,-0.439
522.8,2.029,-1.563,-0.151,0.594,-1.183,-0.362
528.8,2.055,-1.539,-0.059,0.607,-1.162,-0.339
534.8,2.004,-1.469,0.0,0.672,-1.109,-0.344
548.2,2.019,-1.417,0.151,0.707,-1.04,-0.298
552.8,2.065,-1.385,0.155,0.782,-1.025,-0.284
558.8,2.042,-1.422,0.216,0.794,-0.996,-0.167
564.8,2.059,-1.381,0.312,0.83,-0.927,-0.23
570.8,2.098,-1.367,0.358,0.841,-0.91,-0.18
576.8,2.097,-1.288,0.408,0.86,-0.863,-0.203
582.8,2.087,-1.272,0.488,0.898,-0.865,-0.135
588.8,2.104,-1.258,0.521,0.925,-0.79,-0.131
594.8,2.121,-1.261,0.598,0.953,-0.783,-0.094
614.2,2.185,-1.199,0.742,0.988,-0.67,-0.02
618.8,2.255,-1.144,0.819,1.05,-0.63,-0.13
624.8,2.16,-1.176,0.848,1.023,-0.623,0.112
630.8,2.19,-1.131,0.955,1.097,-0.605,0.018
636.8,2.161,-1.092,1.007,1.132,-0.558,0.036
642.8,2.299,-1.097,1.023,1.111,-0.538,0.072
648.8,2.194,-1.068,1.11,1.15,-0.503,0.143
654.8,2.162,-1.06,1.168,1.189,-0.473,0.192
668.2,2.183,-0.96,1.292,1.216,-0.399,-0.039
672.8,2.202,-1.009,1.327,1.28,-0.406,0.245
678.8,2.277,-1.001,1.351,1.297,-0.363,0.219
684.8,2.311,-0.953,1.437,1.252,-0.343,0.245
690.8,2.224,-0.888,1.48,1.313,-0.31,0.281
696.8,2.356,-0.877,1.537,1.342,-0.29,0.214
702.8,2.261,-0.878,1.63,1.381,-0.253,0.293
708.8,2.432,-0.873,1.612,1.362,-0.268,0.302
714.8,2.31,-0.788,1.731,1.402,-0.192,0.266
734.2,2.311,-0.793,1.894,1.466,-0.084,0.36
738.8,2.352,-0.687,1.954,1.497,-0.091,0.292
744.8,2.342,-0.698,2.008,1.453,-0.104,0.451
750.8,2.447,-0.702,1.995,1.517,-0.07,0.42
756.8,2.414,-0.673,2.093,1.535,0.0,0.38
762.8,2.456,-0.695,2.167,1.536,-0.009,0.45
768.8,2.437,-0.688,2.219,1.588,0.0,0.494
774.8,2.492,-0.606,2.29,1.569,0.043,0.427
788.2,2.48,-0.592,2.357,1.571,0.116,0.513
792.8,2.517,-0.609,2.478,1.608,0.123,0.497
798.8,2.506,-0.587,2.442,1.598,0.122,0.65
804.8,2.531,-0.575,2.604,1.634,0.134,0.566
810.8,2.52,-0.526,2.643,1.649,0.185,0.535
816.8,2.588,-0.526,2.66,1.652,0.207,0.57
822.8,2.674,-0.475,2.702,1.605,0.175,0.609
828.8,2.619,-0.439,2.807,1.623,0.205,0.599
834.8,2.639,-0.453,2.859,1.665,0.189,0.63
854.2,2.708,-0.424,3.063,1.688,0.301,0.614
858.8,2.735,-0.43,3.15,1.669,0.301,0.689
864.8,2.777,-0.418,3.176,1.697,0.335,0.679
870.8,2.635,-0.362,3.2,1.706,0.362,0.753
876.8,2.72,-0.435,3.245,1.728,0.341,0.822
882.8,2.635,-0.332,3.315,1.774,0.385,0.791
888.8,2.55,-0.255,3.414,1.78,0.476,0.738
894.8,2.734,-0.326,3.449,1.802,0.402,0.78
908.2,2.707,-0.247,3.518,1.838,0.495,0.724
912.8,2.745,-0.309,3.564,1.815,0.462,0.874
918.8,2.907,-0.322,3.566,1.826,0.494,0.817
924.8,2.814,-0.251,3.598,1.839,0.523,0.842
930.8,2.799,-0.25,3.586,1.853,0.499,0.932
936.8,2.685,-0.218,3.694,1.878,0.58,0.91
942.8,2.851,-0.249,3.712,1.866,0.524,0.982
948.8,2.943,-0.22,3.817,1.894,0.519,0.857
954.8,2.984,-0.283,3.832,1.935,0.556,0.921
974.2,3.005,-0.251,3.963,1.961,0.619,0.925
978.8,2.944,-0.148,3.926,1.915,0.654,0.995
984.8,2.924,-0.188,4.09,1.986,0.643,1.007
990.8,3.037,-0.202,4.098,2.026,0.676,0.95
996.8,3.031,-0.159,4.122,2.042,0.684,0.954
1002.8,3.054,-0.099,4.167,2.003,0.678,0.991
1008.8,3.069,-0.165,4.212,2.027,0.653,1.085
1014.8,3.126,-0.149,4.192,2.011,0.783,0.998
1028.2,2.983,-0.084,4.295,2.092,0.725,1.143
1032.8,3.076,-0.047,4.308,2.083,0.771,1.068
1038.8,3.078,-0.064,4.369,2.085,0.774,1.127
1044.8,3.165,-0.085,4.433,2.11,0.794,1.075
1050.8,3.098,-0.031,4.442,2.111,0.811,1.129
1056.8,3.151,-0.02,4.521,2.126,0.805,1.103
1062.8,3.22,-0.03,4.541,2.113,0.784,1.17
1068.8,3.226,-0.055,4.604,2.133,0.783,1.203
1074.8,3.198,0.08,4.609,2.157,0.876,1.075
1094.2,3.263,0.136,4.721,2.163,0.963,1.068
1098.8,3.285,-0.01,4.819,2.244,0.867,1.261
1104.8,3.313,0.031,4.806,2.212,0.862,1.252
1110.8,3.293,0.056,4.839,2.24,0.935,1.247
1116.8,3.362,0.095,4.845,2.266,0.931,1.237
1122.8,3.384,0.133,4.955,2.271,0.963,1.173
1128.8,3.406,0.064,4.899,2.255,0.935,1.344
1134.8,3.395,0.119,5.029,2.291,0.958,1.285
1148.2,3.488,0.101,5.095,2.283,1.027,1.263
1152.8,3.488,0.164,5.048,2.258,1.041,1.34
1158.8,3.573,0.029,5.191,2.38,1.037,1.331
1164.8,3.508,0.218,5.106,2.299,1.048,1.376
1170.8,3.513,0.156,5.127,2.398,1.009,1.4
1176.8,3.557,0.162,5.171,2.35,1.054,1.445
1182.8,3.588,0.194,5.322,2.396,1.047,1.335
1188.8,3.577,0.215,5.303,2.355,1.068,1.363
1194.8,3.716,0.219,5.266,2.374,1.034,1.446
1214.2,3.706,0.17,5.412,2.523,1.132,1.426
1218.8,3.637,0.29,5.58,2.461,1.141,1.4
1224.8,3.829,0.255,5.44,2.477,1.081,1.461
1230.8,3.676,0.243,5.613,2.531,1.132,1.472
1236.8,3.731,0.26,5.658,2.513,1.152,1.462
1242.8,3.625,0.296,5.727,2.394,1.204,1.552
1248.8,3.834,0.265,5.608,2.564,1.193,1.485
1254.8,3.818,0.258,5.708,2.585,1.206,1.484
1268.2,3.834,0.453,5.658,2.486,1.178,1.543
1272.8,3.893,0.255,5.846,2.602,1.166,1.526
1278.8,3.964,0.325,5.875,2.557,1.222,1.508
1284.8,3.887,0.36,5.846,2.619,1.233,1.515
1290.8,4.024,0.261,5.937,2.641,1.206,1.555
1296.8,3.955,0.312,5.996,2.613,1.229,1.604
1302.8,3.911,0.326,6.037,2.644,1.276,1.603
1308.8,3.88,0.419,5.994,2.631,1.277,1.581
1314.8,3.992,0.37,6.043,2.718,1.239,1.608
1334.2,4.065,0.434,6.259,2.589,1.282,1.639
1338.8,4.046,0.438,6.182,2.733,1.3,1.649
1344.8,4.153,0.375,6.2,2.684,1.315,1.648
1350.8,4.105,0.383,6.188,2.825,1.279,1.728
1356.8,4.143,0.389,6.351,2.712,1.294,1.702
1362.8,4.201,0.441,6.253,2.725,1.359,1.697
1368.8,4.374,0.429,6.394,2.703,1.312,1.684
1374.8,4.277,0.359,6.417,2.797,1.321,1.813
1388.2,4.227,0.458,6.439,2.896,1.333,1.816
1392.8,4.219,0.423,6.747,2.779,1.354,1.801
1398.8,4.167,0.514,6.691,2.757,1.439,1.783
1404.8,4.282,0.409,6.684,2.867,1.425,1.814
1410.8,4.425,0.485,6.69,2.842,1.4,1.805
1416.8,4.341,0.583,6.586,2.942,1.44,1.763
1422.8,4.439,0.537,6.603,2.97,1.474,1.843
1428.8,4.424,0.581,6.714,2.937,1.473,1.842
1434.8,4.34,0.531,6.727,2.967,1.495,1.926
1454.2,4.383,0.599,6.9,3.073,1.52,1.892
1458.8,4.475,0.668,6.909,3.011,1.506,1.929
1464.8,4.609,0.513,6.831,2.996,1.497,2.008
1470.8,4.428,0.694,7.027,3.056,1.598,1.842
1476.8,4.526,0.599,7.032,3.062,1.543,2.018
1482.8,4.523,0.552,7.295,3.065,1.544,1.952
1488.8,4.499,0.601,7.209,3.066,1.55,2.011
1494.8,4.677,0.648,6.953,3.171,1.62,1.913
1508.2,4.576,0.639,7.015,3.184,1.588,2.127
1512.8,4.659,0.657,7.17,3.123,1.615,2.041
1518.8,4.628,0.674,7.099,3.171,1.626,2.108
1524.8,3.887,0.585,7.433,3.164,1.588,1.982
1530.8,4.726,0.756,7.194,3.154,1.662,2.021
1536.8,4.71,0.646,7.353,3.223,1.7,2.04
1542.8,4.779,0.761,7.218,3.191,1.694,2.114
1548.8,4.42,0.763,7.157,3.314,1.668,2.197
1554.8,4.657,0.659,7.581,3.304,1.708,2.103
1574.2,4.822,0.687,7.476,3.371,1.683,2.182
1578.8,4.812,0.643,7.705,3.344,1.716,2.13
1584.8,4.869,0.711,7.662,3.29,1.715,2.228
1590.8,4.859,0.791,7.659,3.309,1.772,2.108
1596.8,4.971,0.668,7.578,3.455,1.755,2.234
1602.8,4.939,0.717,7.86,3.361,1.749,2.156
1608.8,4.935,0.81,7.661,3.474,1.766,2.242
1614.8,4.971,0.641,7.811,3.518,1.771,2.296
1628.2,5.021,0.784,7.662,3.495,1.759,2.404
1632.8,4.931,0.846,7.858,3.483,1.832,2.288
1638.8,4.999,0.869,7.952,3.482,1.797,2.318
1644.8,4.984,0.825,7.34,3.479,1.833,2.329
1650.8,5.191,0.77,7.763,3.636,1.841,2.418
1656.8,5.124,0.722,8.023,3.635,1.898,2.393
1662.8,5.208,0.887,7.997,3.035,1.916,2.482
1668.8,5.323,0.936,7.975,3.737,1.675,2.335
1674.8,5.244,0.879,7.887,3.571,1.931,2.546
1694.2,5.09,1.088,7.756,3.644,2.016,2.311
1698.8,5.444,0.945,8.027,4.077,1.923,2.552
1704.8,5.365,0.812,8.044,3.796,1.948,2.55
1710.8,5.315,0.841,8.088,3.766,1.922,2.565
1716.8,5.222,0.941,8.285,3.717,2.006,2.406
1722.8,4.752,0.922,8.159,3.921,1.963,2.59
1728.8,5.291,0.852,8.307,3.838,1.949,2.545
1734.8,5.3,0.972,8.381,3.67,1.937,2.564
1748.2,5.582,0.753,8.487,3.727,1.898,2.61
1752.8,5.338,1.065,8.277,3.806,2.022,2.536
1758.8,5.234,1.003,8.456,3.887,2.052,2.492
1764.8,5.403,0.988,8.059,3.856,2.03,2.666
1770.8,5.317,0.886,8.356,3.943,2.09,2.551
1776.8,5.287,1.009,8.247,3.867,2.097,2.706
1782.8,5.538,0.924,8.319,3.9,2.049,2.646
1788.8,5.433,1.049,8.394,3.876,2.089,2.657
1794.8,5.329,1.045,8.482,3.864,2.068,2.687
1814.2,5.352,1.283,8.511,3.877,2.133,2.613
1818.8,5.622,1.014,8.367,4.05,2.106,2.736
1824.8,4.905,1.056,8.686,4.012,1.863,2.661
1830.8,5.439,1.081,8.503,4.106,2.175,2.769
1836.8,5.577,1.065,8.45,4.06,2.152,2.893
1842.8,5.512,1.029,8.631,4.184,2.179,2.779
1848.8,5.529,1.191,8.491,4.142,2.224,2.875
1854.8,5.515,1.218,8.599,4.128,2.225,2.831
1868.2,5.817,1.107,8.725,4.136,2.091,2.902
1872.8,5.686,1.028,8.674,4.304,2.216,2.913
1878.8,5.815,1.165,8.784,3.47,2.313,2.947
1884.8,5.596,1.127,8.782,4.278,2.335,2.846
1890.8,5.749,1.193,8.741,4.285,1.692,2.93
1896.8,5.713,1.16,8.761,4.394,2.242,2.914
1902.8,5.711,1.1,8.776,4.395,1.827,2.995
1908.8,5.764,1.208,8.861,4.357,2.246,2.959
1914.8,5.719,1.18,8.834,4.368,2.329,3.047
1934.2,5.704,1.225,8.884,4.519,2.324,3.082
1938.8,5.741,1.172,8.838,4.566,2.399,3.084
1944.8,5.736,1.269,8.886,4.545,2.392,3.018
1950.8,5.99,1.172,8.838,4.56,2.338,3.083
1956.8,5.822,1.341,8.845,4.532,2.422,3.164
1962.8,5.957,1.139,8.929,4.525,2.363,3.253
1968.8,6.079,1.252,8.848,4.553,3.303,3.164
1974.8,5.916,1.262,8.954,4.585,2.412,3.152
1988.2,6.121,1.096,8.975,4.789,2.384,3.166
1992.8,5.896,1.282,9.114,4.658,2.498,3.149
1998.8,6.0,1.381,8.95,4.663,2.45,3.223
2004.8,6.0,1.287,8.837,4.734,2.458,3.328
2010.8,5.85,1.288,8.998,4.72,2.844,3.17
2016.8,5.974,1.279,9.014,4.81,2.465,3.302
2022.8,6.102,1.349,8.94,4.767,2.55,3.221
2028.8,6.045,1.37,8.837,4.81,2.51,3.315
2034.8,5.868,1.194,9.173,4.91,2.487,3.359
2054.2,5.781,1.493,8.984,4.781,2.709,3.38
2058.8,6.049,1.389,9.023,4.965,2.613,3.268
2064.8,5.989,1.408,9.125,5.055,3.678,3.222
2070.8,5.825,1.549,9.032,4.872,2.675,3.352
2076.8,6.059,1.361,9.077,4.945,2.665,3.405
2082.8,6.442,1.381,9.256,4.841,2.736,3.353
2088.8,5.935,1.378,8.952,5.01,3.112,3.34
2094.8,6.001,1.399,8.864,4.958,2.899,3.398
2108.2,5.98,1.018,9.062,5.102,2.643,3.325
2112.8,5.984,1.515,9.039,5.188,2.676,3.471
2118.8,6.212,1.297,8.905,5.214,2.673,3.627
2124.8,6.003,1.502,8.926,5.099,2.731,3.592
2130.8,6.04,1.414,9.047,5.229,2.709,3.553
2136.8,6.05,1.446,9.034,5.223,2.723,3.545
2142.8,5.899,1.505,8.93,5.216,2.816,3.695
2148.8,6.204,1.521,8.964,5.319,2.633,3.598
2154.8,5.993,1.569,9.042,5.18,2.839,3.569
2174.2,5.99,1.516,9.001,5.419,2.916,3.701
2178.8,5.929,1.551,8.954,5.436,3.03,3.71
2184.8,6.124,1.469,8.917,5.557,2.88,3.785
2190.8,6.059,1.623,8.986,5.536,3.117,3.517
2196.8,6.035,1.578,9.02,5.641,2.895,3.805
2202.8,6.24,1.492,8.93,5.753,2.904,3.807
2208.8,5.985,1.65,9.111,5.615,2.981,3.782
2214.8,6.093,1.599,8.965,5.784,2.965,3.91
2228.2,6.196,1.484,9.116,5.905,2.976,3.917
2232.8,6.21,1.631,8.981,5.843,3.085,3.874
2238.8,6.335,1.651,9.087,6.084,3.139,3.86
2244.8,6.046,1.671,9.113,5.874,3.076,3.942
2250.8,6.173,1.536,9.098,6.02,3.059,4.008
2256.8,6.188,1.574,9.079,6.093,3.151,4.005
2262.8,6.065,1.631,9.145,6.169,3.164,4.048
2268.8,6.096,1.684,9.213,6.17,3.185,4.078
2274.8,6.168,1.725,9.15,6.104,3.227,4.135
2294.2,6.245,1.698,9.266,6.311,3.291,4.192
2298.8,6.381,1.67,9.079,6.409,3.251,4.315
2304.8,6.386,1.571,9.237,6.58,3.302,4.287
2310.8,6.209,1.705,9.257,6.566,3.273,4.312
2316.8,6.251,1.793,9.189,6.508,3.312,4.387
2322.8,6.269,1.731,9.344,6.666,3.296,4.41
2328.8,6.423,1.742,9.245,6.695,3.327,4.42
2334.8,6.285,1.838,9.474,6.663,3.38,4.303
2348.2,6.093,2.06,9.295,6.432,3.444,4.343
2352.8,6.39,1.643,9.588,7.082,3.432,4.354
2358.8,6.338,1.895,9.394,6.891,3.4,4.486
2364.8,6.256,1.82,9.597,7.126,3.419,4.45
2370.8,6.493,1.593,9.452,7.283,3.372,4.603
2376.8,6.509,1.704,9.521,7.354,3.4,4.528
2382.8,6.407,1.702,9.79,7.297,3.469,4.601
2388.8,6.47,1.982,9.844,6.939,3.579,4.686
2394.8,6.736,1.723,9.653,7.491,3.411,4.76
2414.2,6.579,1.722,10.072,7.6,3.574,4.941
2418.8,6.582,1.938,10.153,7.616,3.565,4.787
2424.8,6.644,1.997,10.24,7.582,3.644,4.93
2430.8,6.779,1.926,10.105,7.719,3.618,5.054
2436.8,6.648,2.094,10.322,7.646,3.695,5.047
2442.8,6.756,1.934,10.34,7.959,3.675,5.158
2448.8,6.869,1.781,10.484,7.92,3.639,5.219
2454.8,6.702,2.149,10.438,6.41,3.748,5.16
2468.2,6.766,2.201,10.556,7.456,3.844,5.361
2472.8,6.622,2.136,11.185,7.787,3.868,5.246
2478.8,6.821,2.018,11.163,8.025,3.846,5.31
2484.8,6.768,1.97,11.273,7.984,3.84,5.545
2490.8,6.849,1.842,11.379,8.237,3.734,5.628
2496.8,6.84,2.131,11.376,8.016,3.934,5.518
2502.8,6.574,2.134,11.949,7.973,4.018,5.554
2508.8,6.732,2.031,11.93,8.163,3.96,5.519
2514.8,6.424,2.437,12.522,7.795,4.172,5.394
2534.2,6.38,2.465,13.289,8.261,4.292,5.664
2538.8,6.175,2.258,12.916,7.616,4.104,5.764
2544.8,6.139,2.255,13.076,8.723,4.219,5.772
2550.8,6.229,2.454,13.192,8.627,4.383,5.554
2556.8,6.113,2.699,12.962,8.596,4.341,5.632
2562.8,5.919,2.411,13.611,8.772,4.355,5.664
2568.8,5.813,2.478,13.617,8.938,4.276,5.746
2574.8,6.018,2.42,13.812,9.168,4.255,5.472
2588.2,5.623,2.53,13.724,9.701,4.266,5.186
2592.8,5.348,2.357,14.631,9.781,4.414,5.567
2598.8,5.474,2.56,14.994,9.751,4.431,5.198
2604.8,5.145,2.32,15.269,9.949,4.37,5.357
2610.8,5.394,2.322,14.916,9.992,4.287,5.655
2616.8,4.775,2.33,16.012,10.244,4.445,5.336
2622.8,4.876,2.404,16.125,10.47,4.541,5.223
2628.8,5.171,2.581,16.197,10.58,4.589,5.211
2634.8,4.848,2.827,16.74,10.685,4.765,4.96
2654.2,4.44,2.765,16.407,11.828,4.73,4.506
2658.8,4.387,2.493,18.623,11.477,4.632,5.03
2664.8,5.114,2.833,17.646,11.925,4.796,4.903
2670.8,4.889,2.57,18.879,12.645,4.694,4.333
2676.8,4.3,2.893,18.927,12.885,4.971,4.621
2682.8,4.154,2.928,20.29,12.744,4.919,4.377
2688.8,4.133,2.332,21.364,13.209,4.658,4.363
2694.8,3.995,2.811,21.218,13.198,4.841,4.414
2708.2,3.883,2.549,22.961,14.666,4.818,3.709
2712.8,3.964,2.641,23.162,13.874,4.696,3.895
2718.8,3.841,2.8,23.363,14.284,4.984,3.527
2724.8,3.839,2.717,24.742,14.116,4.941,3.673
2730.8,3.696,2.22,25.802,15.067,4.611,3.497
2736.8,3.417,1.693,27.545,15.213,4.309,3.652
2742.8,3.929,2.149,26.074,15.901,4.752,3.258
2748.8,3.369,2.607,26.113,15.774,4.867,3.903
2754.8,3.565,2.985,27.403,15.403,5.112,3.104
2774.2,4.247,2.664,28.435,16.366,4.979,3.454
2778.8,4.295,3.082,27.308,16.852,5.219,3.096
2784.8,4.376,2.828,28.688,16.281,4.937,3.523
2790.8,2.896,2.456,32.401,16.514,4.894,2.946
2796.8,3.33,3.391,31.736,16.197,5.157,2.435
2802.8,4.557,3.478,29.892,16.37,5.348,2.789
2808.8,3.57,3.359,31.393,16.672,5.523,2.993
2814.8,3.009,3.179,33.931,16.816,5.272,2.265
2828.2,2.322,3.844,37.527,16.278,5.648,1.368
2832.8,3.032,2.982,36.074,17.731,5.307,1.778
2838.8,3.319,3.739,35.733,17.441,5.565,1.627
2844.8,3.035,3.338,35.597,17.922,5.531,2.383
2850.8,2.897,3.854,38.344,16.943,5.756,1.279
2856.8,4.022,4.409,34.152,17.449,6.018,2.575
2862.8,3.331,3.311,40.107,17.371,5.483,0.949
2868.8,2.773,3.699,41.614,16.843,5.814,0.448
2874.8,4.225,3.533,40.944,17.035,5.571,0.466
2894.2,3.893,4.04,39.242,17.001,5.883,0.933
2898.8,3.794,3.295,41.868,16.355,5.638,0.0
2904.8,3.341,2.796,44.228,15.46,5.231,0.23
2910.8,3.912,2.307,43.531,16.222,5.252,-0.12
2916.8,2.244,1.786,48.774,15.805,4.696,-1.0
2922.8,2.31,2.407,44.754,15.792,5.467,-0.514
2928.8,2.379,1.936,46.86,14.724,4.973,-1.057
2934.8,3.214,1.062,43.891,15.355,4.258,0.272
2948.2,2.733,1.365,43.785,15.846,4.956,-2.122
2952.8,2.95,0.465,46.729,13.644,4.133,-1.516
2958.8,3.882,-0.19,44.269,13.79,3.499,-0.551
2964.8,3.727,0.207,39.88,13.644,4.259,0.0
2970.8,5.746,-1.0,38.821,14.259,3.753,-0.964
2976.8,3.572,-0.914,42.151,12.853,3.098,-1.24
2982.8,4.814,-0.172,34.091,12.151,4.055,0.413
2988.8,4.057,-0.781,34.524,13.7,3.582,-1.246
2994.8,6.145,-1.744,32.897,12.362,3.093,-1.118
3014.2,3.906,-2.975,34.751,9.454,2.349,-0.629
3018.8,5.811,-3.709,32.426,11.349,2.275,-2.859
3024.8,5.649,-4.386,31.632,9.503,1.818,-1.287
3030.8,4.681,-5.281,31.989,9.563,1.31,-1.573
3036.8,6.456,-4.824,27.028,9.26,1.421,-1.573
3042.8,6.133,-6.213,27.584,9.745,0.736,-2.001
3048.8,7.263,-6.158,25.44,8.141,0.655,-1.573
3054.8,6.779,-7.656,27.981,8.262,-0.199,-1.859
3068.2,5.326,-7.799,26.195,7.59,0.421,-2.516
3072.8,5.488,-8.479,25.956,8.231,-0.346,-3.145
3078.8,5.165,-9.136,27.306,6.597,-0.699,-2.859
3084.8,6.488,-10.197,25.433,6.777,-1.007,-2.872
3090.8,6.714,-10.196,24.889,5.485,-1.026,-3.044
3096.8,6.945,-11.102,22.816,6.704,-1.196,-2.633
3102.8,7.179,-12.033,22.304,6.604,-1.538,-2.362
3108.8,7.549,-13.417,25.226,5.567,-2.401,-2.521
3114.8,8.388,-13.339,21.771,5.786,-2.009,-2.521
3134.2,6.643,-16.185,22.07,6.743,-3.116,-2.284
3138.8,9.059,-15.314,18.774,4.692,-2.748,-2.373
3144.8,9.394,-16.437,19.856,5.849,-3.309,-4.005
3150.8,9.226,-17.657,19.44,5.38,-3.902,-2.818
3156.8,11.072,-17.947,17.025,4.879,-3.633,-3.263
3162.8,11.743,-18.567,16.817,4.41,-3.864,-3.708
3168.8,10.401,-19.302,17.816,3.722,-4.202,-2.966
3174.8,10.736,-20.522,17.442,4.254,-4.556,-3.411
3188.2,12.761,-22.625,17.673,4.258,-5.023,-5.305
3192.8,11.513,-23.399,18.998,2.905,-5.863,-3.794
3198.8,13.186,-24.266,14.842,4.346,-5.632,-4.289
3204.8,13.424,-25.096,14.668,3.426,-5.984,-3.847
3210.8,13.598,-26.51,15.847,3.329,-6.588,-3.847
3216.8,14.819,-27.331,14.406,2.974,-6.966,-3.693
3222.8,14.47,-28.397,13.839,4.137,-7.432,-3.847
3228.8,13.947,-28.335,11.656,4.073,-7.046,-3.693
3234.8,15.516,-29.873,13.009,2.812,-7.81,-4.0
3254.2,15.836,-34.184,13.853,2.647,-8.776,-3.748
3258.8,17.679,-35.064,12.881,2.323,-9.407,-4.21
3264.8,17.667,-35.891,10.604,2.968,-9.368,-3.776
3270.8,18.192,-37.638,10.045,3.025,-9.902,-3.175
3276.8,19.001,-38.895,10.332,3.537,-10.391,-4.624
3282.8,21.716,-40.78,10.469,2.202,-11.197,-4.464
3288.8,19.725,-41.431,10.103,3.37,-11.356,-4.624
3294.8,21.173,-42.319,9.509,1.769,-11.491,-4.624
3308.2,21.897,-47.242,10.259,2.423,-12.797,-5.612
3312.8,22.078,-46.024,8.366,2.169,-12.766,-4.783
3318.8,23.163,-47.736,7.086,1.969,-13.354,-3.986
3324.8,22.982,-48.603,7.68,1.468,-13.488,-4.464
3330.8,24.43,-49.86,7.086,1.135,-13.992,-4.624
3336.8,24.068,-51.355,6.766,1.268,-14.479,-4.145
3342.8,24.792,-52.698,6.583,1.502,-14.907,-4.943
3348.8,24.911,-54.47,6.438,1.541,-15.343,-4.325
