TIME (SECONDS),A (W/m^2),B (W/m^2),C (W/m^2),D (W/m^2),E (W/m^2),F (W/m^2)
14.2,30.522,-6.474,-2.861,15.378,-4.507,0.0
18.8,5.488,-3.753,0.039,2.941,-2.539,0.0
24.8,5.707,-4.884,0.219,3.104,-3.135,0.0
30.8,6.111,-2.754,0.501,3.244,-1.855,0.0
36.8,5.584,-10.651,0.003,3.232,-6.352,0.0
42.8,6.211,-3.887,0.396,3.327,-2.513,0.0
48.8,6.26,-4.018,0.228,3.296,-2.728,0.0
54.8,6.174,-3.919,0.321,3.174,-2.67,0.0
68.2,6.31,-2.502,0.477,3.1,-1.884,0.0
72.8,6.076,-3.348,0.302,3.146,-2.354,0.0
78.8,6.224,-3.309,0.567,3.041,-2.547,0.0
84.8,6.316,-3.631,0.142,2.998,-2.712,0.0
90.8,6.186,-3.54,0.094,2.99,-2.653,0.0
96.8,6.251,-3.429,0.136,2.841,-2.603,0.0
102.8,5.981,-3.334,0.187,3.05,-2.537,0.0
108.8,6.04,-3.14,0.285,2.739,-2.613,0.0
114.8,5.819,-3.158,0.283,2.18,-2.589,0.0
134.2,5.708,-2.553,0.689,2.398,-2.254,0.0
138.8,5.465,-2.936,0.205,2.939,-2.328,0.0
144.8,5.065,-2.848,0.303,2.609,-2.231,0.0
150.8,5.523,-3.136,0.473,2.631,-2.365,0.0
156.8,5.517,-2.938,0.217,2.465,-2.198,0.0
162.8,5.24,-2.919,0.327,2.351,-2.25,0.0
168.8,5.088,-2.624,0.262,2.287,-2.22,0.0
174.8,4.965,-2.666,0.293,2.373,-2.264,0.0
188.2,4.908,-2.822,0.143,2.085,-2.207,0.0
192.8,4.963,-2.545,0.181,2.043,-2.215,0.0
198.8,4.915,-2.663,0.405,2.128,-2.217,0.0
204.8,4.622,-2.737,0.226,2.12,-2.138,0.0
210.8,4.907,-2.716,0.337,2.554,-2.052,0.0
216.8,5.029,-2.589,0.369,2.141,-2.049,0.0
222.8,4.935,-2.704,0.212,1.839,-2.23,0.0
228.8,4.198,-2.527,0.331,1.89,-2.041,0.0
234.8,4.377,-2.621,0.327,1.878,-2.037,0.0
254.2,4.088,-2.403,0.32,1.693,-1.791,0.0
258.8,3.952,-2.365,0.277,1.79,-1.97,0.0
264.8,4.126,-2.409,0.301,1.715,-1.875,0.0
270.8,3.912,-2.236,0.121,1.686,-1.808,0.0
276.8,4.025,-2.097,0.486,1.714,-1.208,0.0
282.8,4.28,-2.321,0.023,1.716,-1.815,0.0
288.8,3.683,-2.225,0.299,1.638,-1.772,0.0
294.8,3.823,-2.142,0.419,1.667,-1.712,0.0
308.2,3.811,-2.283,0.691,1.71,-1.781,0.0
312.8,3.657,-2.145,0.361,2.853,-1.638,0.0
318.8,3.657,-2.157,0.527,1.604,-1.672,0.0
324.8,3.652,-2.042,0.515,1.502,-1.589,0.0
330.8,3.501,-1.98,0.51,1.552,-1.586,0.0
336.8,3.502,-2.107,0.553,1.52,-1.559,0.0
342.8,3.391,-2.002,0.627,1.516,-1.509,0.0
348.8,3.413,-2.014,0.677,1.47,-1.481,0.0
354.8,3.339,-1.905,0.67,1.506,-1.425,0.0
374.2,3.041,-1.89,0.781,1.474,-1.355,0.0
378.8,3.121,-1.754,0.737,1.409,-1.379,0.0
384.8,3.092,-1.811,0.742,1.372,-1.298,0.0
390.8,3.135,-1.835,0.733,1.399,-1.293,0.0
396.8,3.062,-1.76,0.636,1.335,-1.261,0.0
402.8,3.031,-1.794,0.724,1.355,-1.27,0.0
408.8,2.954,-1.761,0.714,1.32,-1.21,0.0
414.8,2.917,-1.753,0.689,1.421,-1.218,0.0
428.2,2.859,-1.636,0.691,1.334,-1.161,0.0
432.8,2.888,-1.686,0.735,1.327,-1.169,0.0
438.8,2.844,-1.641,0.655,1.275,-1.143,0.0
444.8,2.805,-1.64,0.69,1.287,-1.126,0.0
450.8,2.76,-1.616,0.727,1.274,-1.082,0.0
456.8,2.736,-1.632,0.739,1.273,-1.102,0.0
462.8,2.745,-1.604,0.733,1.23,-1.048,0.0
468.8,2.707,-1.558,0.702,1.229,-1.039,0.0
474.8,2.623,-1.556,0.746,1.205,-1.005,0.0
494.2,2.495,-1.498,0.752,1.179,-0.985,0.0
498.8,2.536,-1.466,0.742,1.171,-0.952,0.0
504.8,2.5,-1.466,0.775,1.212,-0.935,0.0
510.8,2.511,-1.449,0.759,1.177,-0.94,0.0
516.8,2.459,-1.369,0.768,1.162,-0.897,0.0
522.8,2.443,-1.406,0.753,1.156,-0.865,0.0
528.8,2.445,-1.391,0.792,1.136,-0.863,0.0
534.8,2.364,-1.333,0.785,1.16,-0.833,0.0
548.2,2.325,-1.301,0.818,1.122,-0.805,0.0
552.8,2.344,-1.28,0.763,1.161,-0.811,0.0
558.8,2.298,-1.325,0.774,1.141,-0.8,0.0
564.8,2.284,-1.296,0.802,1.135,-0.755,0.0
570.8,2.298,-1.291,0.792,1.112,-0.757,0.0
576.8,2.271,-1.222,0.787,1.096,-0.73,0.0
582.8,2.231,-1.218,0.802,1.094,-0.754,0.0
588.8,2.216,-1.216,0.766,1.078,-0.703,0.0
594.8,2.214,-1.225,0.801,1.079,-0.711,0.0
614.2,2.208,-1.19,0.791,1.018,-0.653,0.0
618.8,2.254,-1.145,0.817,1.048,-0.631,0.0
624.8,2.135,-1.186,0.795,0.99,-0.641,0.0
630.8,2.144,-1.148,0.855,1.035,-0.64,0.0
636.8,2.092,-1.118,0.857,1.038,-0.611,0.0
642.8,2.205,-1.132,0.819,0.984,-0.61,0.0
648.8,2.076,-1.113,0.852,0.989,-0.593,0.0
654.8,2.029,-1.11,0.879,1.009,-0.575,0.0
668.2,2.009,-1.026,0.914,0.981,-0.532,0.0
672.8,2.008,-1.082,0.905,1.017,-0.554,0.0
678.8,2.062,-1.082,0.883,1.006,-0.527,0.0
684.8,2.074,-1.042,0.922,0.932,-0.524,0.0
690.8,1.967,-0.986,0.92,0.965,-0.507,0.0
696.8,2.076,-0.983,0.928,0.963,-0.504,0.0
702.8,1.96,-0.992,0.975,0.974,-0.483,0.0
708.8,2.118,-0.992,0.928,0.937,-0.509,0.0
714.8,1.975,-0.915,1.0,0.947,-0.449,0.0
734.2,1.922,-0.941,1.048,0.94,-0.382,0.0
738.8,1.946,-0.841,1.069,0.946,-0.402,0.0
744.8,1.925,-0.857,1.098,0.887,-0.424,0.0
750.8,2.012,-0.867,1.047,0.928,-0.403,0.0
756.8,1.965,-0.843,1.115,0.927,-0.344,0.0
762.8,1.988,-0.873,1.145,0.901,-0.369,0.0
768.8,1.954,-0.871,1.165,0.933,-0.371,0.0
774.8,1.989,-0.797,1.193,0.887,-0.343,0.0
788.2,1.946,-0.794,1.194,0.847,-0.293,0.0
792.8,1.968,-0.818,1.281,0.863,-0.298,0.0
798.8,1.941,-0.801,1.211,0.833,-0.311,0.0
804.8,1.95,-0.795,1.338,0.846,-0.312,0.0
810.8,1.925,-0.752,1.346,0.842,-0.272,0.0
816.8,1.969,-0.761,1.311,0.813,-0.268,0.0
822.8,2.037,-0.716,1.314,0.742,-0.313,0.0
828.8,1.965,-0.687,1.38,0.735,-0.297,0.0
834.8,1.973,-0.706,1.407,0.762,-0.322,0.0
854.2,1.982,-0.699,1.48,0.703,-0.256,0.0
858.8,1.989,-0.713,1.523,0.656,-0.272,0.0
864.8,2.008,-0.71,1.5,0.654,-0.255,0.0
870.8,1.857,-0.657,1.503,0.65,-0.235,0.0
876.8,1.933,-0.733,1.53,0.661,-0.263,0.0
882.8,1.823,-0.64,1.544,0.672,-0.238,0.0
888.8,1.717,-0.571,1.597,0.65,-0.163,0.0
894.8,1.893,-0.644,1.617,0.661,-0.243,0.0
908.2,1.839,-0.576,1.626,0.661,-0.17,0.0
912.8,1.863,-0.643,1.641,0.618,-0.214,0.0
918.8,2.007,-0.663,1.604,0.606,-0.196,0.0
924.8,1.905,-0.596,1.615,0.606,-0.174,0.0
930.8,1.886,-0.596,1.596,0.615,-0.201,0.0
936.8,1.754,-0.571,1.666,0.616,-0.134,0.0
942.8,1.898,-0.61,1.636,0.575,-0.207,0.0
948.8,1.987,-0.583,1.732,0.596,-0.214,0.0
954.8,2.011,-0.652,1.711,0.616,-0.19,0.0
974.2,1.997,-0.633,1.768,0.595,-0.154,0.0
978.8,1.925,-0.535,1.705,0.533,-0.128,0.0
984.8,1.886,-0.581,1.827,0.578,-0.153,0.0
990.8,1.983,-0.602,1.798,0.595,-0.133,0.0
996.8,1.969,-0.562,1.808,0.603,-0.13,0.0
1002.8,1.981,-0.506,1.827,0.547,-0.146,0.0
1008.8,1.987,-0.575,1.854,0.559,-0.177,0.0
1014.8,2.027,-0.566,1.795,0.52,-0.06,0.0
1028.2,1.86,-0.51,1.847,0.569,-0.136,0.0
1032.8,1.941,-0.477,1.834,0.544,-0.1,0.0
1038.8,1.934,-0.498,1.874,0.532,-0.105,0.0
1044.8,2.012,-0.522,1.918,0.546,-0.09,0.0
1050.8,1.93,-0.474,1.895,0.526,-0.085,0.0
1056.8,1.97,-0.467,1.947,0.524,-0.101,0.0
1062.8,2.028,-0.481,1.943,0.496,-0.131,0.0
1068.8,2.017,-0.513,1.969,0.494,-0.144,0.0
1074.8,1.971,-0.385,1.935,0.493,-0.065,0.0
1094.2,1.99,-0.347,1.947,0.437,-0.013,0.0
1098.8,1.997,-0.498,2.01,0.497,-0.121,0.0
1104.8,2.026,-0.457,2.001,0.467,-0.125,0.0
1110.8,1.986,-0.439,1.99,0.468,-0.067,0.0
1116.8,2.038,-0.407,1.958,0.47,-0.085,0.0
1122.8,2.04,-0.377,2.025,0.448,-0.068,0.0
1128.8,2.06,-0.446,1.963,0.428,-0.099,0.0
1134.8,2.028,-0.4,2.048,0.436,-0.091,0.0
1148.2,2.098,-0.426,2.064,0.397,-0.04,0.0
1152.8,2.085,-0.367,1.991,0.356,-0.035,0.0
1158.8,2.148,-0.511,2.084,0.447,-0.056,0.0
1164.8,2.08,-0.323,1.994,0.362,-0.047,0.0
1170.8,2.086,-0.385,2.016,0.462,-0.086,0.0
1176.8,2.109,-0.386,2.016,0.387,-0.056,0.0
1182.8,2.131,-0.358,2.147,0.42,-0.07,0.0
1188.8,2.121,-0.337,2.13,0.381,-0.048,0.0
1194.8,2.239,-0.341,2.048,0.372,-0.098,0.0
1214.2,2.192,-0.404,2.111,0.469,-0.03,0.0
1218.8,2.11,-0.289,2.25,0.389,-0.03,0.0
1224.8,2.299,-0.325,2.104,0.401,-0.093,0.0
1230.8,2.137,-0.341,2.256,0.443,-0.049,0.0
1236.8,2.177,-0.329,2.269,0.405,-0.041,0.0
1242.8,2.067,-0.295,2.331,0.281,0.009,0.0
1248.8,2.259,-0.332,2.175,0.428,-0.015,0.0
1254.8,2.231,-0.343,2.248,0.433,-0.012,0.0
1268.2,2.238,-0.153,2.177,0.32,-0.047,0.0
1272.8,2.29,-0.352,2.353,0.429,-0.063,0.0
1278.8,2.334,-0.293,2.322,0.347,-0.028,0.0
1284.8,2.255,-0.259,2.289,0.406,-0.019,0.0
1290.8,2.375,-0.364,2.342,0.405,-0.059,0.0
1296.8,2.295,-0.318,2.377,0.362,-0.044,0.0
1302.8,2.24,-0.307,2.394,0.378,-0.006,0.0
1308.8,2.208,-0.215,2.35,0.364,-0.006,0.0
1314.8,2.299,-0.272,2.354,0.423,-0.06,0.0
1334.2,2.333,-0.223,2.483,0.24,-0.047,0.0
1338.8,2.3,-0.224,2.376,0.365,-0.04,0.0
1344.8,2.409,-0.286,2.397,0.319,-0.023,0.0
1350.8,2.337,-0.287,2.334,0.427,-0.077,0.0
1356.8,2.371,-0.282,2.489,0.309,-0.065,0.0
1362.8,2.41,-0.239,2.347,0.295,-0.016,0.0
1368.8,2.56,-0.258,2.44,0.243,-0.079,0.0
1374.8,2.453,-0.333,2.441,0.323,-0.078,0.0
1388.2,2.371,-0.245,2.395,0.38,-0.091,0.0
1392.8,2.347,-0.287,2.667,0.241,-0.082,0.0
1398.8,2.284,-0.199,2.586,0.203,-0.006,0.0
1404.8,2.383,-0.311,2.546,0.292,-0.031,0.0
1410.8,2.507,-0.242,2.508,0.24,-0.071,0.0
1416.8,2.422,-0.144,2.403,0.339,-0.032,0.0
1422.8,2.49,-0.202,2.354,0.327,-0.021,0.0
1428.8,2.462,-0.163,2.437,0.276,-0.032,0.0
1434.8,2.378,-0.213,2.448,0.305,-0.011,0.0
1454.2,2.369,-0.164,2.509,0.341,-0.025,0.0
1458.8,2.443,-0.102,2.48,0.256,-0.053,0.0
1464.8,2.588,-0.253,2.425,0.255,-0.053,0.0
1470.8,2.379,-0.083,2.56,0.276,0.026,0.0
1476.8,2.461,-0.183,2.53,0.262,-0.041,0.0
1482.8,2.45,-0.234,2.775,0.253,-0.046,0.0
1488.8,2.421,-0.187,2.678,0.247,-0.045,0.0
1494.8,2.587,-0.145,2.396,0.336,0.016,0.0
1508.2,2.463,-0.162,2.409,0.318,-0.033,0.0
1512.8,2.534,-0.149,2.537,0.241,-0.015,0.0
1518.8,2.498,-0.134,2.457,0.283,-0.007,0.0
1524.8,1.733,-0.231,2.737,0.242,-0.065,0.0
1530.8,2.569,-0.061,2.492,0.229,0.008,0.0
1536.8,2.531,-0.181,2.602,0.267,0.028,0.0
1542.8,2.584,-0.071,2.433,0.214,0.01,0.0
1548.8,2.228,-0.068,2.377,0.34,-0.014,0.0
1554.8,2.437,-0.182,2.742,0.294,0.006,0.0
1574.2,2.567,-0.168,2.56,0.312,-0.047,0.0
1578.8,2.545,-0.217,2.762,0.268,-0.024,0.0
1584.8,2.576,-0.158,2.662,0.179,-0.045,0.0
1590.8,2.557,-0.081,2.642,0.188,0.007,0.0
1596.8,2.642,-0.215,2.501,0.296,-0.032,0.0
1602.8,2.595,-0.171,2.749,0.181,-0.049,0.0
1608.8,2.563,-0.089,2.49,0.256,-0.054,0.0
1614.8,2.577,-0.266,2.592,0.271,-0.065,0.0
1628.2,2.601,-0.133,2.387,0.214,-0.097,0.0
1632.8,2.498,-0.076,2.555,0.183,-0.035,0.0
1638.8,2.538,-0.064,2.586,0.144,-0.091,0.0
1644.8,2.514,-0.111,1.954,0.129,-0.062,0.0
1650.8,2.696,-0.176,2.325,0.253,-0.073,0.0
1656.8,2.603,-0.234,2.526,0.215,-0.036,0.0
1662.8,2.678,-0.072,2.483,-0.396,-0.025,0.0
1668.8,2.786,-0.026,2.445,0.296,-0.271,0.0
1674.8,2.672,-0.096,2.28,0.082,-0.042,0.0
1694.2,2.481,0.099,2.067,0.104,0.014,0.0
1698.8,2.821,-0.049,2.31,0.519,-0.089,0.0
1704.8,2.723,-0.19,2.282,0.211,-0.08,0.0
1710.8,2.673,-0.16,2.328,0.182,-0.105,0.0
1716.8,2.571,-0.064,2.506,0.122,-0.027,0.0
1722.8,2.074,-0.093,2.32,0.288,-0.092,0.0
1728.8,2.611,-0.164,2.465,0.203,-0.107,0.0
1734.8,2.615,-0.046,2.526,0.027,-0.123,0.0
1748.2,2.867,-0.276,2.568,0.044,-0.185,0.0
1752.8,2.608,0.03,2.325,0.103,-0.073,0.0
1758.8,2.495,-0.035,2.486,0.173,-0.049,0.0
1764.8,2.668,-0.049,2.098,0.148,-0.068,0.0
1770.8,2.571,-0.155,2.368,0.217,-0.017,0.0
1776.8,2.521,-0.04,2.218,0.115,-0.025,0.0
1782.8,2.759,-0.129,2.261,0.131,-0.083,0.0
1788.8,2.632,-0.013,2.288,0.077,-0.06,0.0
1794.8,2.529,-0.016,2.379,0.067,-0.08,0.0
1814.2,2.497,0.201,2.287,0.005,-0.057,0.0
1818.8,2.749,-0.075,2.103,0.153,-0.098,0.0
1824.8,2.028,-0.034,2.415,0.11,-0.344,0.0
1830.8,2.538,-0.018,2.178,0.171,-0.05,0.0
1836.8,2.651,-0.044,2.072,0.092,-0.092,0.0
1842.8,2.569,-0.087,2.215,0.192,-0.079,0.0
1848.8,2.546,0.06,1.989,0.096,-0.065,0.0
1854.8,2.526,0.085,2.084,0.075,-0.068,0.0
1868.2,2.796,-0.038,2.139,0.038,-0.227,0.0
1872.8,2.648,-0.124,2.051,0.183,-0.115,0.0
1878.8,2.752,0.004,2.107,-0.684,-0.037,0.0
1884.8,2.522,-0.038,2.079,0.107,-0.024,0.0
1890.8,2.666,0.024,2.019,0.103,-0.673,0.0
1896.8,2.608,-0.016,1.993,0.183,-0.14,0.0
1902.8,2.593,-0.082,1.979,0.166,-0.565,0.0
1908.8,2.619,0.016,2.005,0.092,-0.167,0.0
1914.8,2.542,-0.024,1.908,0.058,-0.108,0.0
1934.2,2.481,0.004,1.858,0.147,-0.148,0.0
1938.8,2.502,-0.056,1.779,0.174,-0.086,0.0
1944.8,2.491,0.039,1.814,0.145,-0.096,0.0
1950.8,2.723,-0.066,1.718,0.13,-0.167,0.0
1956.8,2.521,0.09,1.649,0.054,-0.11,0.0
1962.8,2.659,-0.111,1.74,0.052,-0.167,0.0
1968.8,2.77,-0.002,1.633,0.064,0.764,0.0
1974.8,2.605,0.006,1.736,0.094,-0.128,0.0
1988.2,2.776,-0.172,1.683,0.252,-0.182,0.0
1992.8,2.534,0.007,1.785,0.099,-0.081,0.0
1998.8,2.622,0.1,1.585,0.081,-0.142,0.0
2004.8,2.619,0.005,1.465,0.148,-0.135,0.0
2010.8,2.464,0.005,1.617,0.128,0.247,0.0
2016.8,2.563,-0.014,1.578,0.184,-0.151,0.0
2022.8,2.671,0.048,1.461,0.113,-0.082,0.0
2028.8,2.612,0.068,1.354,0.154,-0.123,0.0
2034.8,2.43,-0.11,1.678,0.246,-0.151,0.0
2054.2,2.277,0.165,1.347,0.03,0.022,0.0
2058.8,2.524,0.053,1.34,0.185,-0.09,0.0
2064.8,2.448,0.065,1.406,0.252,0.961,0.0
2070.8,2.287,0.208,1.321,0.075,-0.039,0.0
2076.8,2.491,0.008,1.298,0.105,-0.073,0.0
2082.8,2.859,0.023,1.445,-0.019,-0.013,0.0
2088.8,2.333,0.013,1.099,0.125,0.348,0.0
2094.8,2.396,0.032,1.007,0.069,0.134,0.0
2108.2,2.334,-0.364,1.114,0.157,-0.154,0.0
2112.8,2.319,0.125,1.048,0.216,-0.136,0.0
2118.8,2.53,-0.099,0.878,0.22,-0.152,0.0
2124.8,2.319,0.105,0.893,0.101,-0.095,0.0
2130.8,2.336,0.01,0.973,0.205,-0.132,0.0
2136.8,2.333,0.037,0.932,0.182,-0.128,0.0
2142.8,2.153,0.085,0.762,0.134,-0.058,0.0
2148.8,2.447,0.096,0.774,0.223,-0.249,0.0
2154.8,2.221,0.139,0.819,0.064,-0.055,0.0
2174.2,2.134,0.054,0.594,0.188,-0.043,0.0
2178.8,2.047,0.079,0.491,0.171,0.052,0.0
2184.8,2.222,-0.01,0.411,0.265,-0.113,0.0
2190.8,2.117,0.129,0.393,0.19,0.093,0.0
2196.8,2.073,0.076,0.383,0.267,-0.144,0.0
2202.8,2.246,-0.022,0.222,0.336,-0.16,0.0
2208.8,1.972,0.128,0.362,0.172,-0.097,0.0
2214.8,2.039,0.062,0.127,0.285,-0.145,0.0
2228.2,2.089,-0.073,0.162,0.334,-0.175,0.0
2232.8,2.081,0.066,-0.019,0.243,-0.082,0.0
2238.8,2.205,0.085,0.082,0.481,-0.03,0.0
2244.8,1.897,0.099,0.068,0.247,-0.107,0.0
2250.8,1.995,-0.048,-0.011,0.353,-0.146,0.0
2256.8,1.966,-0.027,-0.125,0.366,-0.088,0.0
2262.8,1.813,0.019,-0.124,0.402,-0.098,0.0
2268.8,1.802,0.056,-0.148,0.345,-0.109,0.0
2274.8,1.851,0.089,-0.262,0.248,-0.085,0.0
2294.2,1.827,0.024,-0.365,0.319,-0.098,0.0
2298.8,1.939,-0.014,-0.606,0.383,-0.157,0.0
2304.8,1.899,-0.13,-0.544,0.495,-0.139,0.0
2310.8,1.723,0.004,-0.524,0.48,-0.169,0.0
2316.8,1.735,0.081,-0.656,0.382,-0.152,0.0
2322.8,1.704,0.0,-0.609,0.474,-0.207,0.0
2328.8,1.832,0.002,-0.763,0.468,-0.195,0.0
2334.8,1.675,0.09,-0.576,0.41,-0.157,0.0
2348.2,1.408,0.284,-0.918,0.078,-0.15,0.0
2352.8,1.682,-0.142,-0.675,0.697,-0.18,0.0
2358.8,1.634,0.111,-0.862,0.51,-0.209,0.0
2364.8,1.503,0.018,-0.764,0.679,-0.228,0.0
2370.8,1.712,-0.22,-0.971,0.798,-0.296,0.0
2376.8,1.687,-0.124,-0.992,0.814,-0.299,0.0
2382.8,1.529,-0.147,-0.844,0.681,-0.272,0.0
2388.8,1.537,0.112,-0.91,0.248,-0.205,0.0
2394.8,1.756,-0.165,-1.204,0.737,-0.409,0.0
2414.2,1.452,-0.221,-1.105,0.646,-0.359,0.0
2418.8,1.43,-0.015,-1.078,0.628,-0.387,0.0
2424.8,1.414,0.014,-1.16,0.489,-0.368,0.0
2430.8,1.507,-0.073,-1.387,0.569,-0.427,0.0
2436.8,1.324,0.076,-1.285,0.424,-0.39,0.0
2442.8,1.359,-0.112,-1.424,0.64,-0.465,0.0
2448.8,1.447,-0.274,-1.336,0.566,-0.52,0.0
2454.8,1.205,0.065,-1.547,-1.047,-0.47,0.0
2468.2,1.171,0.08,-1.642,-0.133,-0.449,0.0
2472.8,1.022,0.013,-1.024,0.19,-0.428,0.0
2478.8,1.171,-0.124,-1.154,0.361,-0.488,0.0
2484.8,1.075,-0.188,-1.139,0.262,-0.527,0.0
2490.8,1.121,-0.329,-1.108,0.468,-0.66,0.0
2496.8,1.078,-0.054,-1.186,0.201,-0.486,0.0
2502.8,0.758,-0.07,-0.73,0.085,-0.443,0.0
2508.8,0.911,-0.176,-0.76,0.268,-0.505,0.0
2514.8,0.551,0.211,-0.282,-0.171,-0.334,0.0
2534.2,0.402,0.199,0.258,0.153,-0.294,0.0
2538.8,0.226,0.003,-0.052,-0.452,-0.459,0.0
2544.8,0.167,-0.009,0.057,0.623,-0.362,0.0
2550.8,0.233,0.18,0.12,0.494,-0.217,0.0
2556.8,0.175,0.448,0.018,0.542,-0.214,0.0
2562.8,-0.004,0.166,0.698,0.737,-0.189,0.0
2568.8,-0.079,0.245,0.773,0.947,-0.244,0.0
2574.8,0.15,0.196,1.02,1.209,-0.246,0.0
2588.2,-0.247,0.304,0.925,1.738,-0.237,0.0
2592.8,-0.428,0.167,2.039,1.946,-0.017,0.0
2598.8,-0.253,0.389,2.509,1.983,0.038,0.0
2604.8,-0.473,0.191,3.022,2.329,0.06,0.0
2610.8,-0.15,0.22,2.829,2.472,0.034,0.0
2616.8,-0.7,0.254,4.076,2.817,0.244,0.0
2622.8,-0.567,0.341,4.26,3.089,0.366,0.0
2628.8,-0.231,0.534,4.42,3.253,0.445,0.0
2634.8,-0.451,0.819,5.188,3.498,0.7,0.0
2654.2,-0.696,0.818,5.211,4.862,0.79,0.0
2658.8,-0.612,0.598,7.727,4.697,0.797,0.0
2664.8,0.151,0.951,6.827,5.194,0.989,0.0
2670.8,0.043,0.733,8.316,6.074,0.977,0.0
2676.8,-0.483,1.08,8.501,6.399,1.302,0.0
2682.8,-0.555,1.143,10.023,6.356,1.307,0.0
2688.8,-0.471,0.586,11.329,6.966,1.126,0.0
2694.8,-0.529,1.096,11.354,7.061,1.37,0.0
2708.2,-0.477,0.896,13.456,8.752,1.473,0.0
2712.8,-0.237,1.048,14.004,8.177,1.474,0.0
2718.8,-0.292,1.234,14.354,8.679,1.814,0.0
2724.8,-0.188,1.19,15.963,8.654,1.851,0.0
2730.8,-0.256,0.721,17.186,9.706,1.579,0.0
2736.8,-0.446,0.229,19.123,9.973,1.345,0.0
2742.8,0.141,0.713,17.815,10.762,1.846,0.0
2748.8,-0.354,1.195,17.995,10.723,2.011,0.0
2754.8,-0.051,1.615,19.521,10.5,2.339,0.0
2774.2,0.931,1.407,21.206,11.869,2.435,0.0
2778.8,1.124,1.88,20.396,12.552,2.787,0.0
2784.8,1.318,1.669,22.022,12.134,2.591,0.0
2790.8,-0.051,1.339,25.977,12.517,2.633,0.0
2796.8,0.488,2.314,25.542,12.343,2.978,0.0
2802.8,1.905,2.473,24.11,12.773,3.313,0.0
2808.8,1.011,2.389,25.815,13.201,3.56,0.0
2814.8,0.673,2.293,28.839,13.648,3.48,0.0
2828.2,0.227,3.05,32.96,13.437,4.041,0.0
2832.8,1.094,2.247,31.85,15.102,3.82,0.0
2838.8,1.505,3.051,31.778,14.98,4.173,0.0
2844.8,1.363,2.704,31.952,15.654,4.249,0.0
2850.8,1.37,3.275,35.014,14.871,4.584,0.0
2856.8,2.623,3.879,31.102,15.552,4.944,0.0
2862.8,2.051,2.825,37.317,15.635,4.501,0.0
2868.8,1.564,3.241,38.979,15.203,4.887,0.0
2874.8,3.132,3.119,38.562,15.552,4.733,0.0
2894.2,3.208,3.78,37.749,16.071,5.357,0.0
2898.8,3.254,3.09,40.691,15.623,5.223,0.0
2904.8,2.906,2.631,43.281,14.871,4.898,0.0
2910.8,3.664,2.213,42.99,15.885,5.061,0.0
2916.8,2.16,1.754,48.59,15.69,4.631,0.0
2922.8,2.374,2.432,44.892,15.878,5.516,0.0
2928.8,2.512,1.987,47.151,14.905,5.075,0.0
2934.8,3.498,1.17,44.511,15.741,4.476,0.0
2948.2,3.274,1.571,44.965,16.58,5.372,0.0
2952.8,3.618,0.719,48.185,14.55,4.645,0.0
2958.8,4.645,0.1,45.933,14.826,4.085,0.0
2964.8,4.616,0.544,41.819,14.85,4.942,0.0
2970.8,6.752,-0.618,41.014,15.623,4.524,0.0
2976.8,4.743,-0.47,44.704,14.442,3.996,0.0
2982.8,6.063,0.301,36.814,13.845,5.013,0.0
2988.8,5.407,-0.27,37.466,15.531,4.618,0.0
2994.8,7.532,-1.218,35.923,14.244,4.158,0.0
3014.2,5.597,-2.334,38.438,11.748,3.646,0.0
3018.8,7.601,-3.031,36.329,13.777,3.648,0.0
3024.8,7.527,-3.674,35.725,12.049,3.259,0.0
3030.8,6.652,-4.534,36.286,12.237,2.823,0.0
3036.8,8.565,-4.025,31.626,12.121,3.039,0.0
3042.8,8.347,-5.374,32.409,12.747,2.434,0.0
3048.8,9.566,-5.285,30.461,11.264,2.422,0.0
3054.8,9.121,-6.769,33.086,11.438,1.598,0.0
3068.2,7.868,-6.835,31.735,11.037,2.371,0.0
3072.8,8.129,-7.477,31.714,11.814,1.68,0.0
3078.8,7.94,-8.085,33.354,10.36,1.429,0.0
3084.8,9.275,-9.14,31.51,10.557,1.132,0.0
3090.8,9.642,-9.086,31.273,9.456,1.221,0.0
3096.8,9.877,-9.991,29.208,10.681,1.053,0.0
3102.8,10.147,-10.908,28.773,10.629,0.738,0.0
3108.8,10.594,-12.262,31.864,9.698,-0.065,0.0
3114.8,11.483,-12.166,28.518,9.985,0.366,0.0
3134.2,9.896,-14.952,29.162,11.155,-0.62,0.0
3138.8,12.364,-14.061,25.979,9.175,-0.212,0.0
3144.8,12.731,-15.172,27.131,10.375,-0.749,0.0
3150.8,12.649,-16.359,26.901,10.022,-1.277,0.0
3156.8,14.593,-16.612,24.702,9.655,-0.931,0.0
3162.8,15.314,-17.213,24.602,9.254,-1.124,0.0
3168.8,14.012,-17.933,25.69,8.621,-1.432,0.0
3174.8,14.465,-19.108,25.57,9.311,-1.696,0.0
3188.2,16.595,-21.172,26.029,9.458,-2.083,0.0
3192.8,15.394,-21.928,27.458,8.169,-2.885,0.0
3198.8,17.105,-22.78,23.385,9.661,-2.625,0.0
3204.8,17.382,-23.595,23.296,8.794,-2.948,0.0
3210.8,17.62,-24.986,24.615,8.785,-3.502,0.0
3216.8,18.913,-25.778,23.332,8.527,-3.825,0.0
3222.8,18.608,-26.828,22.86,9.75,-4.258,0.0
3228.8,18.169,-26.735,20.861,9.8,-3.807,0.0
3234.8,19.801,-28.249,22.35,8.624,-4.523,0.0
3254.2,20.225,-32.52,23.422,8.6,-5.409,0.0
3258.8,22.097,-33.389,22.511,8.314,-6.019,0.0
3264.8,22.086,-34.216,20.239,8.962,-5.977,0.0
3270.8,22.653,-35.947,19.771,9.075,-6.48,0.0
3276.8,23.473,-37.2,20.081,9.603,-6.96,0.0
3282.8,26.226,-39.071,20.301,8.32,-7.737,0.0
3288.8,24.224,-39.725,19.911,9.472,-7.905,0.0
3294.8,25.703,-40.602,19.384,7.913,-8.016,0.0
3308.2,26.481,-45.504,20.253,8.641,-9.28,0.0
3312.8,26.689,-44.276,18.42,8.424,-9.229,0.0
3318.8,27.772,-45.989,17.132,8.219,-9.819,0.0
3324.8,27.575,-46.862,17.692,7.697,-9.965,0.0
3330.8,29.041,-48.112,17.138,7.389,-10.455,0.0
3336.8,28.756,-49.578,16.986,7.627,-10.882,0.0
3342.8,29.526,-50.904,16.903,7.922,-11.275,0.0
3348.8,29.662,-52.669,16.794,7.984,-11.699,0.0
